tenure_months,monthly_spend,support_tickets,contract,region,churn
47,78.96,4,annual,south,yes
53,123.23,4,monthly,south,yes
39,118.71,2,two_year,west,no
29,134.96,4,monthly,south,yes
4,78.44,4,monthly,west,yes
54,115.6,5,annual,east,yes
23,134.06,4,two_year,north,yes
11,120.75,0,two_year,west,no
20,60.52,5,annual,east,yes
62,108.71,0,annual,east,no
61,105.38,1,annual,north,no
3,136.33,3,annual,west,yes
6,100.83,6,two_year,west,yes
10,51.2,1,two_year,north,no
32,26.05,0,monthly,north,no
51,42.62,4,monthly,south,yes
31,85.42,1,monthly,south,no
53,29.44,7,two_year,east,yes
5,31.8,3,annual,west,yes
65,69.19,3,monthly,east,yes
37,38.33,6,monthly,east,yes
17,125.75,6,two_year,south,yes
47,101.75,2,annual,south,yes
3,81.15,4,monthly,north,yes
40,109.77,3,two_year,east,no
57,82.78,7,two_year,north,yes
14,108.26,5,monthly,east,yes
64,108.71,0,two_year,west,no
13,106.76,6,annual,east,yes
25,77.22,0,two_year,north,no
51,94.78,3,monthly,west,yes
3,69.42,0,monthly,south,no
70,101.22,4,two_year,north,yes
66,136.6,7,two_year,east,yes
59,111.03,2,monthly,south,no
48,109.0,1,monthly,north,no
16,107.89,3,annual,south,yes
12,45.94,1,annual,north,yes
20,42.54,2,monthly,east,no
46,38.25,6,annual,west,no
50,93.45,5,two_year,east,yes
3,64.53,1,monthly,east,yes
8,93.26,6,two_year,west,yes
52,65.12,2,annual,south,yes
22,71.51,6,monthly,east,yes
58,99.94,0,monthly,north,no
25,101.58,4,two_year,east,yes
4,30.91,8,two_year,north,yes
41,94.73,1,two_year,west,no
55,133.46,6,two_year,north,yes
19,95.94,4,annual,west,yes
57,130.89,5,monthly,west,yes
62,27.51,1,annual,east,no
58,58.31,3,annual,north,no
1,107.74,1,annual,south,yes
29,131.69,6,two_year,north,yes
35,136.43,0,annual,south,no
38,66.91,3,monthly,south,yes
68,29.54,1,annual,north,no
71,36.33,4,monthly,north,no
64,66.11,0,monthly,west,no
16,62.75,7,annual,south,yes
40,43.35,2,monthly,east,yes
46,136.37,2,monthly,south,yes
53,35.45,4,annual,east,no
42,115.62,6,monthly,west,yes
4,86.88,0,annual,north,no
70,71.78,6,two_year,north,yes
31,86.2,0,monthly,north,no
29,66.52,0,annual,south,no
32,61.19,6,two_year,west,yes
32,58.5,0,annual,north,no
27,136.37,6,two_year,south,yes
18,28.24,1,two_year,south,no
52,56.49,7,monthly,west,yes
41,104.79,3,monthly,north,yes
37,41.85,4,annual,west,no
11,82.24,4,two_year,south,yes
51,84.9,4,two_year,north,yes
49,26.76,5,monthly,west,yes
55,83.86,3,two_year,north,yes
12,92.95,6,two_year,south,yes
72,96.87,2,monthly,south,yes
60,86.0,3,monthly,east,yes
5,36.09,5,two_year,west,yes
8,91.07,0,monthly,north,no
19,138.42,6,annual,west,yes
72,43.48,5,two_year,west,no
51,112.97,6,two_year,south,yes
53,107.45,5,two_year,north,yes
49,81.41,2,annual,south,no
56,90.6,2,monthly,east,yes
9,113.01,6,two_year,east,yes
67,95.44,7,two_year,west,yes
59,32.67,8,two_year,south,yes
13,95.9,5,two_year,west,yes
27,75.14,4,annual,south,yes
42,33.49,6,annual,south,yes
48,124.71,5,two_year,west,yes
12,134.35,5,two_year,north,yes
57,59.41,8,annual,south,yes
48,101.93,1,annual,west,no
64,39.47,1,annual,east,no
38,96.1,0,annual,west,no
33,43.25,8,annual,west,yes
18,74.37,6,monthly,west,yes
40,124.03,7,annual,east,yes
39,89.11,5,annual,west,no
60,43.93,8,annual,east,yes
9,63.81,0,annual,north,no
63,115.3,7,two_year,west,yes
39,126.82,6,annual,east,yes
43,56.05,1,monthly,west,no
14,139.18,0,annual,west,yes
63,68.07,3,monthly,east,yes
50,60.13,1,annual,east,no
58,89.95,4,two_year,south,no
8,89.56,0,two_year,north,no
10,46.99,6,two_year,east,yes
15,96.36,7,monthly,north,yes
12,65.14,5,annual,north,yes
12,125.56,6,monthly,south,yes
6,57.72,0,monthly,north,no
13,46.55,6,monthly,west,yes
71,84.53,1,monthly,north,no
7,26.05,6,monthly,east,yes
1,76.94,1,monthly,south,no
51,115.46,1,monthly,north,yes
35,34.09,5,monthly,north,yes
68,31.14,3,monthly,south,no
31,74.62,4,two_year,east,yes
37,77.77,8,two_year,north,yes
68,119.87,7,two_year,west,yes
72,101.01,6,two_year,north,no
60,105.17,2,annual,south,no
12,55.69,5,monthly,east,yes
8,136.14,4,two_year,west,yes
62,118.63,5,annual,east,no
29,102.17,0,annual,west,no
44,127.62,7,two_year,north,yes
47,98.59,0,two_year,east,no
37,123.28,3,monthly,south,yes
62,133.62,2,annual,north,no
9,59.32,7,two_year,west,yes
42,82.23,4,monthly,south,yes
15,65.0,3,monthly,south,yes
3,97.7,8,annual,west,yes
26,47.19,3,annual,west,yes
57,42.24,3,annual,south,no
37,128.11,5,monthly,south,yes
16,88.37,6,two_year,west,yes
44,89.49,5,annual,west,yes
41,96.47,2,annual,north,yes
58,80.34,1,annual,south,no
70,39.1,4,two_year,south,no
8,136.16,3,monthly,west,yes
18,27.08,0,two_year,north,no
50,95.61,4,monthly,south,yes
26,105.53,4,monthly,west,yes
54,124.95,8,two_year,north,yes
57,119.15,6,annual,east,yes
42,103.73,6,monthly,west,yes
29,81.42,3,monthly,west,yes
47,56.31,7,two_year,north,yes
40,59.55,7,two_year,north,yes
35,64.9,7,monthly,west,yes
49,91.51,1,two_year,south,no
16,31.26,5,monthly,east,yes
10,84.65,0,monthly,south,no
55,56.3,0,monthly,north,no
7,127.68,2,two_year,north,yes
59,132.94,2,annual,north,no
49,56.57,4,annual,east,no
60,35.18,0,annual,south,no
62,105.81,0,annual,east,no
11,26.41,0,monthly,north,no
67,25.38,3,monthly,east,no
35,51.07,7,annual,south,yes
12,138.3,7,two_year,east,yes
14,129.96,0,monthly,east,yes
36,111.65,8,monthly,west,yes
68,32.06,6,monthly,south,yes
46,66.69,7,two_year,east,yes
60,82.92,1,monthly,east,yes
34,138.36,4,monthly,south,yes
17,35.03,8,two_year,north,yes
28,88.88,5,monthly,south,yes
28,55.27,2,two_year,south,no
31,31.15,4,annual,west,no
4,87.73,7,annual,north,yes
33,78.45,5,annual,east,yes
47,98.15,8,two_year,west,yes
64,53.16,7,annual,north,yes
46,122.58,4,two_year,south,no
15,46.94,4,annual,south,yes
6,66.88,2,monthly,east,yes
13,95.08,0,annual,west,no
24,126.64,7,monthly,east,yes
68,52.25,7,monthly,south,yes
5,64.3,7,annual,east,yes
9,115.48,5,monthly,west,yes
52,46.24,1,two_year,west,no
6,54.24,3,two_year,east,yes
22,117.96,6,monthly,south,yes
13,134.05,7,two_year,east,yes
30,48.79,0,monthly,south,yes
35,52.95,4,two_year,south,yes
51,59.96,5,two_year,south,no
57,93.49,1,annual,south,no
32,44.2,1,two_year,east,no
5,116.69,1,two_year,west,no
12,131.64,0,monthly,east,no
51,139.38,8,two_year,west,yes
26,109.03,5,two_year,west,yes
4,132.39,3,annual,south,yes
47,137.98,4,monthly,north,yes
3,75.64,5,two_year,east,yes
8,79.38,8,annual,south,yes
2,80.84,6,two_year,east,yes
50,78.37,5,monthly,north,yes
69,135.36,5,annual,west,yes
14,34.25,4,annual,east,yes
7,31.18,7,monthly,east,yes
31,138.16,5,annual,west,yes
59,139.81,5,two_year,west,yes
55,139.33,0,annual,west,no
50,60.81,7,two_year,west,yes
44,100.37,1,two_year,north,no
2,136.46,4,two_year,south,yes
33,119.95,8,two_year,west,yes
59,124.74,3,monthly,east,yes
32,26.89,0,two_year,north,no
38,30.16,6,two_year,west,yes
45,85.59,8,monthly,west,yes
26,91.52,3,annual,south,yes
72,134.63,6,two_year,north,yes
69,46.36,6,annual,west,yes
55,115.85,5,monthly,north,yes
26,133.97,4,monthly,west,yes
3,91.37,3,annual,north,yes
57,130.27,0,annual,north,no
67,56.6,6,monthly,west,yes
25,41.06,5,monthly,west,yes
19,128.89,8,two_year,north,yes
41,80.1,7,monthly,west,yes
7,96.5,3,two_year,north,yes
10,27.84,8,two_year,east,yes
34,124.8,1,two_year,west,no
64,125.24,8,two_year,north,yes
57,46.48,3,two_year,north,no
6,117.96,2,annual,north,yes
51,74.96,1,monthly,south,yes
9,69.52,8,monthly,west,yes
41,100.76,0,two_year,east,no
53,64.68,0,monthly,east,no
2,118.93,5,monthly,north,yes
11,86.23,5,two_year,south,yes
52,136.29,3,monthly,north,yes
26,55.1,4,annual,east,no
35,37.42,7,annual,south,yes
12,136.17,5,monthly,east,yes
39,134.73,1,monthly,west,no
49,102.55,4,monthly,south,no
32,87.4,6,monthly,east,yes
6,82.47,1,monthly,east,yes
30,40.84,3,two_year,east,yes
2,82.44,3,annual,south,yes
49,133.29,2,monthly,east,yes
24,62.32,0,monthly,south,no
41,77.53,8,annual,north,yes
70,99.89,8,annual,east,yes
48,67.75,1,annual,east,no
10,123.69,7,two_year,south,yes
69,97.86,5,annual,north,no
60,131.13,4,two_year,east,no
34,123.04,0,two_year,north,no
5,41.97,5,two_year,north,yes
71,129.79,6,two_year,south,no
48,70.14,4,monthly,south,yes
27,66.91,0,annual,north,no
34,43.39,8,monthly,south,yes
50,126.12,7,annual,south,yes
32,61.24,5,monthly,south,yes
25,32.57,7,monthly,north,yes
36,34.16,3,monthly,east,yes
13,135.47,2,annual,west,yes
47,93.94,3,monthly,south,yes
3,106.13,4,two_year,west,yes
14,136.71,3,two_year,south,no
68,93.71,4,monthly,north,no
14,132.4,8,monthly,west,yes
48,137.63,7,annual,west,yes
7,77.27,2,monthly,south,yes
51,61.32,4,annual,east,no
48,64.24,2,two_year,south,no
21,108.98,3,annual,north,yes
27,69.95,8,monthly,west,yes
48,114.0,5,annual,west,yes
70,119.63,8,monthly,east,yes
46,36.38,3,two_year,south,yes
27,94.61,3,annual,west,yes
19,112.56,4,annual,south,yes
25,69.58,7,annual,west,yes
11,65.95,5,annual,north,yes
3,59.27,8,two_year,west,yes
45,90.06,0,two_year,north,no
6,118.25,1,monthly,east,yes
13,101.59,0,annual,south,no
47,30.12,3,two_year,east,no
57,99.13,0,monthly,west,yes
12,89.14,6,annual,south,yes
22,104.58,7,two_year,east,yes
29,139.01,4,two_year,north,yes
25,127.1,3,monthly,north,yes
68,126.71,2,annual,north,yes
70,54.79,3,monthly,east,no
68,27.67,3,two_year,east,no
2,125.56,3,monthly,west,yes
34,69.97,2,annual,east,yes
4,50.75,7,annual,north,yes
53,65.07,4,annual,north,no
13,95.27,3,two_year,west,yes
39,67.55,1,two_year,south,no
20,35.32,7,monthly,south,yes
31,37.16,3,annual,east,no
27,39.26,6,annual,east,yes
34,50.17,5,annual,west,yes
61,32.23,6,monthly,north,yes
10,135.93,1,monthly,west,no
48,74.0,5,two_year,west,yes
57,119.62,5,annual,east,yes
41,74.52,2,annual,west,no
43,95.37,2,monthly,north,no
46,94.01,7,monthly,north,yes
19,39.26,7,two_year,north,yes
12,102.68,7,monthly,north,yes
36,89.37,0,two_year,north,no
1,38.66,6,annual,north,yes
21,80.28,5,two_year,south,yes
15,53.78,1,monthly,north,yes
69,104.86,0,annual,west,no
3,130.08,4,annual,south,yes
69,49.69,6,monthly,west,yes
16,111.46,4,two_year,south,yes
1,112.51,4,two_year,east,yes
55,58.34,0,two_year,east,no
25,137.15,0,monthly,north,yes
56,79.24,8,annual,east,yes
64,61.28,4,two_year,west,no
38,105.46,3,two_year,west,no
34,54.8,3,monthly,north,no
44,50.33,4,annual,east,no
8,76.98,4,monthly,east,yes
29,135.12,2,annual,east,yes
17,67.31,5,monthly,west,yes
53,40.01,0,annual,west,no
49,51.68,5,two_year,east,yes
2,86.19,8,annual,north,yes
64,100.9,0,annual,north,no
50,114.64,8,two_year,south,yes
66,34.61,3,two_year,south,no
11,55.43,6,annual,east,yes
63,72.68,8,two_year,east,yes
53,121.17,3,monthly,north,yes
66,124.7,0,two_year,east,no
32,52.73,4,annual,south,no
43,55.8,4,monthly,east,yes
10,89.49,1,monthly,east,yes
64,36.14,1,annual,north,no
6,128.27,4,two_year,north,yes
50,86.79,8,annual,east,yes
27,137.8,4,monthly,east,yes
57,125.47,3,monthly,south,yes
32,125.91,1,two_year,north,yes
64,36.76,8,annual,south,yes
44,58.33,2,annual,east,no
4,69.35,8,annual,west,yes
34,83.73,6,two_year,north,yes
17,125.87,0,two_year,east,no
7,126.34,3,two_year,east,yes
2,29.41,3,annual,east,yes
31,41.05,5,annual,north,no
44,76.67,8,two_year,east,yes
69,108.87,1,annual,south,no
55,93.3,0,two_year,north,no
52,37.65,7,two_year,west,yes
66,123.6,1,two_year,south,no
56,57.68,6,annual,west,yes
15,73.83,1,annual,east,yes
65,65.07,0,monthly,south,no
18,82.67,7,annual,north,yes
58,89.51,2,annual,south,no
45,117.09,2,annual,south,no
31,108.95,5,monthly,east,yes
11,87.37,1,two_year,south,no
69,111.61,8,two_year,south,yes
5,35.51,8,two_year,west,yes
39,37.09,7,two_year,east,yes
38,52.92,6,two_year,east,yes
69,36.7,0,monthly,south,no
8,80.09,6,two_year,north,yes
14,127.25,3,annual,east,yes
38,78.58,5,two_year,west,yes
45,28.63,5,monthly,south,yes
38,116.68,4,monthly,west,yes
28,85.94,8,two_year,east,yes
4,40.81,2,two_year,west,yes
48,83.73,0,annual,south,no
4,115.45,1,two_year,west,no
12,39.5,2,monthly,south,yes
2,87.84,8,monthly,north,yes
39,114.15,6,two_year,west,yes
1,49.3,4,two_year,north,yes
26,59.05,8,two_year,north,yes
52,111.57,0,monthly,north,no
53,86.33,4,annual,east,yes
25,120.69,5,two_year,south,yes
14,96.15,2,two_year,east,no
14,73.44,8,annual,north,yes
40,130.37,8,monthly,north,yes
11,97.33,3,annual,west,yes
9,121.36,6,monthly,west,yes
28,109.17,6,annual,east,yes
15,131.79,3,monthly,west,yes
5,135.15,3,two_year,north,yes
37,82.05,0,annual,south,no
56,38.81,6,two_year,south,no
53,71.43,3,annual,east,no
13,60.2,8,annual,north,yes
54,94.73,6,monthly,west,yes
48,119.97,4,monthly,east,yes
1,120.34,4,two_year,north,yes
70,111.26,1,monthly,north,no
24,98.12,0,monthly,west,yes
58,77.1,3,annual,north,no
30,130.78,8,annual,east,yes
19,65.69,8,annual,east,yes
10,37.91,7,monthly,east,yes
27,120.27,1,monthly,west,no
49,122.04,1,monthly,east,yes
28,121.67,5,two_year,south,yes
55,36.01,6,monthly,east,yes
6,122.26,0,monthly,east,no
35,76.34,2,annual,south,no
29,111.12,2,annual,south,no
8,42.28,3,two_year,south,no
66,59.9,8,annual,east,yes
16,60.17,3,monthly,north,no
3,115.15,2,monthly,north,yes
43,94.38,4,monthly,north,yes
7,76.36,1,monthly,east,yes
68,120.46,2,annual,north,no
28,57.26,1,monthly,south,no
65,136.06,7,annual,north,yes
15,95.46,3,two_year,south,yes
49,49.79,1,two_year,east,no
9,66.88,8,annual,west,yes
41,120.43,4,two_year,south,yes
61,88.82,0,two_year,west,no
55,83.53,8,two_year,west,yes
41,126.94,6,two_year,north,yes
36,92.88,8,two_year,south,yes
66,29.59,7,annual,south,yes
4,28.51,2,annual,west,no
35,82.25,4,annual,south,yes
62,43.62,7,monthly,east,yes
55,76.24,5,annual,north,yes
41,87.68,1,monthly,north,no
62,102.52,5,two_year,south,yes
33,85.9,8,two_year,west,yes
57,39.21,6,two_year,east,no
14,97.4,8,annual,north,yes
4,60.22,2,monthly,south,yes
40,64.1,7,monthly,east,yes
55,72.48,0,monthly,south,no
55,139.84,7,two_year,west,yes
35,95.74,0,monthly,south,no
72,64.29,1,monthly,east,no
67,74.33,5,two_year,east,no
9,75.31,2,two_year,north,no
35,131.97,0,monthly,south,no
9,90.35,1,two_year,east,yes
64,134.2,5,annual,north,yes
66,33.27,6,annual,south,yes
67,120.13,2,annual,south,yes
11,66.35,4,two_year,south,no
71,103.54,1,two_year,east,no
43,94.49,6,two_year,north,yes
71,134.98,5,two_year,east,yes
69,103.15,2,monthly,west,yes
24,51.83,6,two_year,north,yes
23,25.09,5,two_year,south,yes
6,135.14,0,monthly,north,yes
48,56.94,2,monthly,east,no
48,80.65,1,two_year,west,no
34,28.04,2,two_year,south,no
28,95.62,3,monthly,north,yes
63,61.97,4,annual,south,no
36,78.36,7,two_year,west,yes
24,113.55,2,two_year,south,yes
26,25.41,8,monthly,south,yes
41,78.74,8,annual,south,yes
46,115.94,4,annual,east,yes
50,60.43,3,monthly,east,no
50,85.79,2,two_year,north,no
30,127.22,4,annual,south,yes
70,112.62,3,monthly,north,yes
17,27.54,0,two_year,west,no
46,70.85,1,two_year,east,no
42,84.21,3,two_year,west,yes
72,109.67,2,monthly,west,yes
45,125.45,5,two_year,west,yes
43,78.62,1,two_year,east,no
39,81.94,1,two_year,east,yes
64,30.05,7,annual,south,yes
8,111.03,1,two_year,south,yes
67,37.19,2,two_year,north,no
20,96.87,1,two_year,north,no
23,125.88,8,two_year,west,yes
60,138.88,6,annual,east,yes
50,137.35,6,monthly,north,yes
11,101.62,4,two_year,north,yes
1,92.66,1,annual,south,yes
48,42.57,6,monthly,north,yes
43,103.09,2,two_year,south,no
19,126.09,6,two_year,south,yes
70,25.2,5,two_year,east,no
71,36.7,4,monthly,south,no
64,88.58,0,annual,east,no
13,138.6,5,two_year,south,yes
62,136.15,8,two_year,south,yes
26,113.41,1,annual,north,yes
61,115.38,0,two_year,east,no
66,128.13,4,two_year,west,no
66,125.99,4,monthly,south,yes
48,45.76,2,monthly,west,no
24,123.84,5,two_year,west,yes
47,74.92,5,monthly,south,yes
56,37.16,4,monthly,north,no
37,125.56,5,monthly,south,yes
5,33.25,3,annual,west,no
61,110.68,6,annual,south,yes
47,115.46,4,two_year,south,no
38,25.53,1,two_year,south,no
72,64.0,2,monthly,east,no
40,59.16,6,annual,west,yes
48,95.75,3,annual,south,no
72,79.77,5,annual,south,no
19,137.1,5,two_year,south,yes
41,46.77,6,monthly,east,yes
5,118.85,7,two_year,south,yes
70,76.45,6,monthly,south,yes
9,88.23,0,two_year,east,no
59,72.71,4,monthly,east,yes
6,131.55,2,monthly,west,yes
58,56.3,8,two_year,west,yes
56,95.27,2,annual,south,no
44,137.58,1,two_year,south,no
59,58.48,7,monthly,east,yes
10,34.73,8,monthly,north,yes
2,38.41,4,annual,east,yes
37,52.44,7,monthly,south,yes
24,103.66,8,two_year,west,yes
62,30.26,2,monthly,north,yes
2,40.05,6,monthly,west,yes
25,128.13,3,monthly,north,yes
24,54.15,2,two_year,south,no
39,85.74,5,monthly,north,yes
16,60.65,1,two_year,east,no
10,99.04,4,annual,south,yes
51,94.21,4,two_year,north,no
37,59.73,5,monthly,west,yes
70,62.66,5,annual,west,no
37,99.52,8,annual,south,yes
66,128.94,4,annual,north,yes
10,104.9,5,two_year,east,yes
7,103.66,2,annual,west,yes
72,77.81,8,monthly,west,yes
24,120.73,2,monthly,west,yes
16,58.46,1,annual,south,yes
67,108.11,5,two_year,east,yes
21,112.29,6,monthly,south,yes
35,128.88,4,monthly,south,yes
36,124.28,1,monthly,west,no
36,29.05,0,annual,south,no
3,79.68,6,annual,north,yes
46,109.23,3,annual,north,no
36,87.93,2,two_year,east,no
28,50.43,0,monthly,north,no
11,84.41,2,monthly,north,yes
21,50.74,1,annual,north,no
60,62.85,1,two_year,east,no
15,118.85,8,annual,north,yes
63,122.07,1,two_year,west,no
59,91.88,7,annual,south,yes
33,68.69,1,monthly,south,no
11,48.28,4,two_year,east,no
39,73.1,3,monthly,west,yes
53,115.72,8,two_year,north,yes
36,120.83,8,two_year,west,yes
9,35.68,0,two_year,east,no
12,138.58,5,two_year,west,yes
39,64.41,5,two_year,north,no
13,110.51,8,monthly,north,yes
55,73.57,7,annual,east,yes
3,91.15,6,two_year,north,yes
12,54.34,6,annual,east,yes
66,130.17,7,annual,east,yes
54,86.99,3,two_year,north,no
14,38.36,6,two_year,south,yes
20,63.08,7,monthly,east,yes
12,113.94,6,two_year,north,yes
52,69.26,8,monthly,north,yes
43,132.47,1,annual,east,no
42,84.37,2,annual,south,no
39,138.52,3,two_year,north,yes
47,138.49,0,annual,north,no
25,74.06,8,annual,north,yes
17,40.93,5,two_year,north,yes
62,72.38,6,two_year,west,yes
30,51.7,0,monthly,west,no
21,28.39,5,two_year,south,no
68,56.57,0,monthly,east,no
57,139.29,4,monthly,north,yes
44,37.7,6,two_year,west,no
22,90.85,2,annual,north,yes
31,134.35,1,annual,south,no
36,62.8,3,annual,north,no
62,97.03,7,annual,east,yes
71,48.66,8,two_year,west,yes
41,126.91,3,two_year,west,no
41,90.52,3,two_year,south,yes
4,60.87,6,monthly,west,yes
16,138.98,3,two_year,west,yes
50,98.12,3,annual,north,no
64,53.57,7,monthly,south,yes
32,41.3,8,monthly,south,yes
54,135.12,0,two_year,south,no
28,40.46,1,annual,west,no
72,74.88,1,monthly,south,no
61,82.34,3,two_year,south,no
45,60.49,5,two_year,north,no
5,47.4,1,two_year,north,no
42,55.14,7,monthly,west,yes
58,77.27,3,annual,south,yes
46,31.64,7,two_year,south,yes
46,91.1,6,monthly,west,yes
71,73.94,7,monthly,east,yes
30,46.28,3,annual,north,no
24,122.94,7,two_year,south,yes
50,79.93,5,monthly,east,yes
62,87.53,4,monthly,north,yes
72,26.23,5,annual,east,no
60,56.23,2,monthly,west,no
28,46.33,4,two_year,north,yes
61,61.13,6,monthly,north,yes
7,121.69,2,annual,north,no
34,91.57,4,two_year,south,yes
11,68.41,0,two_year,east,no
8,73.42,0,two_year,south,no
41,101.9,3,annual,south,yes
19,27.28,6,annual,east,yes
34,34.08,0,two_year,east,no
36,74.24,0,annual,north,no
70,77.22,7,monthly,east,yes
15,72.0,4,monthly,west,yes
57,54.35,1,two_year,west,no
7,118.78,4,two_year,east,yes
31,96.9,5,annual,west,yes
53,28.97,0,two_year,south,no
57,49.11,7,monthly,south,yes
62,116.96,6,monthly,north,yes
31,58.18,5,monthly,north,yes
24,120.63,6,two_year,west,yes
33,93.06,3,two_year,west,yes
7,103.19,4,annual,south,yes
7,114.4,4,annual,south,yes
63,131.45,4,two_year,south,yes
41,77.3,8,annual,west,yes
49,67.66,4,annual,east,yes
13,41.22,6,annual,east,yes
2,69.53,0,annual,west,yes
58,92.61,0,monthly,west,no
57,89.26,5,two_year,south,no
68,115.01,3,monthly,east,yes
42,130.34,7,monthly,north,yes
37,82.72,8,annual,north,yes
14,131.72,7,two_year,south,yes
39,108.85,7,annual,east,yes
31,92.7,6,annual,north,yes
6,114.96,2,monthly,south,yes
34,136.76,0,two_year,west,no
71,33.06,3,annual,north,no
20,133.34,2,two_year,south,no
44,77.46,8,monthly,north,yes
64,34.63,3,annual,south,no
1,126.14,2,two_year,west,yes
24,116.13,6,two_year,west,yes
6,85.94,4,annual,south,yes
42,139.24,6,annual,north,yes
36,118.08,6,annual,south,yes
24,101.76,3,annual,south,yes
26,105.4,3,monthly,west,yes
18,108.39,5,monthly,east,yes
5,80.03,2,two_year,south,yes
57,72.49,5,monthly,west,yes
15,72.65,1,monthly,south,no
39,103.99,0,monthly,south,no
21,139.66,4,two_year,west,yes
65,132.74,6,two_year,south,yes
44,45.35,4,monthly,west,yes
14,75.3,5,annual,north,yes
52,119.1,1,two_year,east,no
3,130.91,1,annual,east,no
10,79.12,7,annual,east,yes
21,128.07,5,monthly,south,yes
21,46.98,1,two_year,north,no
43,84.31,7,two_year,west,yes
28,86.28,5,two_year,west,yes
13,36.22,1,two_year,west,no
52,40.27,3,annual,east,yes
41,122.45,0,two_year,west,no
45,128.82,2,monthly,north,yes
35,84.24,6,two_year,south,yes
61,56.0,4,monthly,east,yes
27,25.32,5,two_year,west,yes
4,61.95,7,monthly,north,yes
44,129.13,8,two_year,south,yes
3,101.9,6,monthly,south,yes
56,38.53,1,two_year,north,no
23,34.85,3,two_year,east,no
66,47.46,1,two_year,east,no
43,44.25,3,annual,south,no
52,62.21,6,two_year,east,yes
5,38.52,5,two_year,east,yes
51,112.11,2,annual,south,yes
37,128.72,1,annual,west,yes
3,75.21,8,monthly,south,yes
50,65.68,2,two_year,north,no
39,32.74,3,two_year,south,yes
14,59.6,4,monthly,west,yes
57,39.13,6,two_year,west,yes
44,127.95,0,monthly,south,no
68,70.76,7,monthly,west,yes
43,124.66,6,annual,west,yes
26,66.36,6,monthly,north,yes
33,102.58,3,monthly,west,yes
7,54.33,4,monthly,north,yes
50,100.65,7,two_year,north,yes
66,49.7,2,monthly,west,no
1,116.73,3,two_year,east,no
39,56.99,3,monthly,east,yes
44,107.23,2,annual,north,yes
48,127.06,1,annual,west,no
35,101.14,6,monthly,west,yes
55,28.21,2,monthly,west,no
48,86.22,3,two_year,west,yes
24,40.61,8,monthly,west,yes
39,106.46,0,two_year,west,no
48,98.62,6,annual,east,yes
34,139.01,1,two_year,north,no
37,86.01,0,monthly,south,no
21,105.56,7,two_year,east,yes
1,42.81,5,annual,east,yes
52,74.25,1,annual,north,no
60,55.12,2,annual,north,no
26,69.07,5,annual,south,yes
15,46.93,0,monthly,west,no
25,122.83,1,annual,west,yes
56,113.78,7,monthly,south,yes
45,91.99,5,annual,east,yes
51,109.09,3,monthly,west,yes
16,74.52,2,two_year,north,no
19,124.26,6,annual,east,yes
60,63.8,2,two_year,north,no
18,72.65,3,two_year,south,yes
31,71.69,1,monthly,west,no
5,122.05,7,annual,south,yes
48,39.92,0,two_year,south,no
19,38.32,8,annual,south,yes
67,42.33,4,two_year,north,no
52,137.45,6,two_year,south,yes
66,116.76,4,monthly,east,no
17,30.76,1,annual,north,no
51,32.81,1,annual,west,no
31,61.27,2,monthly,north,yes
46,79.78,8,annual,south,yes
12,32.96,0,monthly,south,yes
61,115.17,0,two_year,east,no
43,129.26,3,two_year,west,yes
35,29.73,0,two_year,north,no
58,135.6,2,annual,west,no
47,101.46,3,annual,north,yes
65,26.63,2,annual,east,no
36,131.99,0,monthly,east,yes
63,27.97,6,two_year,north,yes
58,125.9,6,annual,south,yes
26,78.45,2,two_year,east,yes
71,102.9,3,monthly,north,yes
54,125.87,6,two_year,south,yes
56,30.29,4,monthly,north,yes
39,33.44,5,two_year,north,no
19,132.93,3,annual,north,yes
39,26.25,0,annual,west,no
61,100.59,4,annual,east,no
6,45.77,5,two_year,east,yes
17,100.92,6,two_year,west,yes
71,96.08,3,annual,north,no
58,121.64,8,annual,east,yes
26,80.44,6,annual,west,yes
65,42.81,7,monthly,east,yes
13,72.82,3,monthly,north,yes
18,73.91,3,monthly,north,no
13,37.2,7,annual,east,yes
43,40.1,3,monthly,west,no
46,75.51,1,monthly,west,no
54,110.02,5,two_year,west,no
15,62.86,6,two_year,north,yes
69,83.18,5,monthly,east,yes
33,89.4,3,annual,west,yes
2,115.07,3,monthly,west,yes
68,28.41,3,two_year,east,no
39,56.0,8,monthly,west,yes
32,72.77,8,monthly,north,yes
52,135.91,1,annual,north,no
49,129.04,3,two_year,north,yes
66,30.47,1,annual,north,no
35,25.21,0,monthly,east,no
10,98.83,7,annual,east,yes
50,100.26,2,annual,east,no
48,61.35,3,annual,west,no
10,106.68,1,monthly,east,yes
20,86.84,7,two_year,west,yes
61,25.05,6,monthly,west,yes
49,82.34,1,monthly,north,no
17,137.21,0,two_year,west,no
18,125.43,6,monthly,east,yes
4,41.38,1,two_year,west,no
68,83.91,8,annual,north,yes
51,98.96,4,two_year,west,no
7,59.99,2,annual,north,yes
45,83.89,4,two_year,west,no
23,48.08,8,monthly,west,yes
23,124.89,0,annual,south,no
62,70.25,3,annual,east,no
30,103.67,7,monthly,south,yes
18,104.09,0,annual,north,yes
64,104.93,1,monthly,south,no
39,35.11,4,two_year,north,no
37,60.14,3,two_year,west,yes
19,93.17,6,two_year,west,yes
8,118.67,8,annual,east,yes
42,128.99,6,two_year,south,yes
46,93.72,2,two_year,south,no
5,62.77,2,monthly,east,yes
6,128.15,4,monthly,south,yes
26,125.65,6,annual,west,yes
28,127.01,3,monthly,south,yes
12,105.75,2,monthly,south,yes
31,91.47,5,two_year,east,yes
20,51.56,8,monthly,south,yes
38,131.27,6,annual,south,yes
8,45.21,5,monthly,north,yes
20,31.51,3,monthly,west,yes
31,132.57,5,annual,east,yes
20,119.87,3,annual,east,yes
13,112.8,4,two_year,west,yes
64,102.24,1,annual,south,yes
7,84.9,2,monthly,north,yes
54,45.37,2,annual,east,no
19,51.11,6,monthly,south,yes
35,26.53,6,monthly,north,yes
34,49.17,4,monthly,south,yes
13,69.94,8,monthly,north,yes
70,54.78,4,annual,west,yes
56,138.59,3,two_year,north,no
23,131.99,0,monthly,west,no
36,93.13,8,two_year,east,yes
67,45.28,8,annual,east,yes
26,70.5,6,two_year,south,yes
62,70.18,3,two_year,west,no
53,127.22,1,monthly,north,yes
17,131.86,4,annual,north,yes
23,129.41,3,annual,north,yes
19,72.32,8,annual,south,yes
23,50.73,1,annual,west,no
52,132.57,8,monthly,south,yes
52,27.92,8,annual,north,yes
55,130.03,4,two_year,east,yes
39,118.93,5,monthly,south,yes
43,88.97,7,monthly,east,yes
66,37.97,1,two_year,west,no
37,109.57,6,two_year,north,yes
64,75.91,1,annual,south,no
2,127.86,3,annual,north,yes
2,45.03,8,monthly,south,yes
49,29.23,1,annual,south,no
57,102.52,3,monthly,west,yes
35,62.47,3,two_year,north,yes
10,134.64,1,monthly,north,no
4,56.81,5,annual,south,yes
37,81.82,5,two_year,north,yes
65,66.74,8,two_year,west,yes
12,107.18,2,annual,north,no
10,44.35,0,monthly,east,no
23,74.81,5,monthly,south,yes
56,46.48,3,monthly,west,yes
60,47.13,4,annual,north,no
59,130.89,8,annual,south,yes
53,80.73,6,monthly,west,yes
42,82.52,5,annual,north,yes
38,122.4,4,monthly,north,yes
30,27.5,6,two_year,south,yes
51,75.84,1,annual,north,no
60,100.32,2,annual,east,no
29,127.63,0,two_year,west,no
69,76.57,2,monthly,east,no
69,97.88,7,two_year,south,yes
38,99.93,4,monthly,west,yes
28,96.76,2,two_year,north,no
68,57.16,4,two_year,west,no
32,64.8,6,annual,west,yes
4,40.39,8,monthly,east,yes
45,108.92,1,two_year,east,yes
11,95.92,3,annual,south,yes
24,63.82,1,two_year,east,no
58,82.47,4,two_year,north,yes
66,102.21,3,annual,west,yes
19,81.38,4,annual,north,yes
72,36.76,0,monthly,north,no
44,95.22,1,monthly,east,yes
47,110.12,4,annual,east,yes
18,136.62,1,two_year,west,yes
20,111.56,8,two_year,south,yes
48,92.46,3,monthly,east,yes
66,85.34,4,two_year,south,yes
45,63.65,2,monthly,east,no
22,95.4,8,monthly,north,yes
58,33.91,1,annual,east,no
72,54.84,0,monthly,south,no
27,42.99,1,monthly,west,no
55,131.61,7,two_year,south,yes
14,44.05,7,monthly,west,yes
12,101.2,2,monthly,north,yes
64,29.7,0,monthly,south,no
50,100.61,0,monthly,north,no
63,31.08,5,monthly,south,yes
66,30.26,4,two_year,east,no
11,80.54,2,two_year,south,yes
21,25.37,0,annual,north,no
8,53.38,2,annual,east,no
11,76.57,0,two_year,west,no
58,131.8,1,annual,north,no
69,84.88,4,two_year,west,no
71,32.64,6,annual,east,yes
65,33.6,7,monthly,east,yes
34,77.46,8,annual,east,yes
43,106.68,1,monthly,north,yes
13,27.85,6,monthly,north,yes
17,73.23,5,annual,south,yes
20,110.87,0,two_year,east,no
6,48.45,2,monthly,east,yes
58,68.76,1,two_year,north,no
11,87.24,4,two_year,north,yes
42,43.57,1,monthly,south,no
72,132.9,5,monthly,east,yes
60,77.27,7,monthly,west,yes
4,96.17,2,two_year,north,no
42,90.97,4,two_year,east,yes
41,42.82,4,two_year,north,no
36,32.61,2,monthly,east,no
56,113.05,6,two_year,north,yes
3,129.69,8,annual,south,yes
5,72.72,2,annual,south,yes
58,50.86,4,annual,south,no
60,49.39,1,monthly,north,no
25,68.62,7,annual,east,yes
25,61.08,6,two_year,south,yes
2,50.63,2,annual,north,yes
6,35.91,2,monthly,west,no
21,42.55,8,two_year,north,yes
29,63.82,8,monthly,east,yes
13,78.85,0,annual,south,yes
60,48.14,7,monthly,north,yes
28,124.73,5,monthly,east,yes
20,118.71,8,annual,east,yes
69,70.95,2,monthly,south,no
42,31.69,4,monthly,west,no
29,121.03,6,annual,east,yes
6,115.18,7,two_year,west,yes
66,75.44,0,annual,south,no
17,53.95,3,monthly,west,yes
34,63.22,0,monthly,south,no
67,131.55,6,monthly,north,yes
54,121.67,1,monthly,west,yes
24,128.59,1,monthly,east,yes
30,81.25,1,two_year,west,no
22,113.38,2,annual,east,yes
67,90.3,5,two_year,north,no
23,134.73,3,monthly,south,yes
10,91.03,1,annual,north,no
69,120.79,0,annual,south,no
49,55.95,4,monthly,east,no
6,66.48,8,two_year,north,yes
55,110.39,8,monthly,south,yes
69,47.01,2,annual,east,no
23,42.11,5,annual,east,yes
54,129.38,4,monthly,east,yes
61,94.2,0,annual,north,no
10,45.75,0,two_year,north,no
71,120.13,5,monthly,west,yes
1,88.32,6,two_year,west,yes
66,56.78,0,annual,west,no
17,95.57,0,two_year,west,no
44,37.79,2,monthly,south,yes
48,131.68,2,annual,east,no
58,134.84,1,two_year,south,no
33,77.68,4,two_year,west,yes
11,90.32,5,monthly,east,yes
39,77.13,0,two_year,north,no
3,94.44,7,monthly,east,yes
22,77.06,3,annual,east,no
37,129.28,6,monthly,north,yes
28,76.17,6,monthly,west,yes
23,70.85,5,two_year,south,yes
26,121.79,3,two_year,north,no
5,81.87,4,annual,west,yes
7,90.62,7,annual,east,yes
11,98.67,1,two_year,west,yes
28,68.42,7,monthly,east,yes
18,36.89,6,monthly,east,yes
68,41.98,5,monthly,east,no
9,59.34,6,annual,south,yes
20,38.24,1,monthly,south,no
27,64.13,5,monthly,east,yes
67,131.7,3,monthly,west,yes
63,98.64,7,two_year,east,yes
71,129.75,7,two_year,north,yes
12,120.53,3,two_year,north,yes
31,113.18,1,two_year,east,no
65,110.72,6,annual,west,yes
61,47.22,3,two_year,north,no
16,90.94,2,annual,south,no
65,117.4,5,annual,south,yes
41,88.03,3,two_year,west,no
62,138.57,5,monthly,west,yes
53,91.55,4,two_year,east,yes
43,33.38,6,two_year,south,yes
21,48.12,6,annual,north,yes
14,34.69,4,two_year,north,yes
12,114.01,5,monthly,west,yes
14,110.83,5,two_year,north,yes
39,41.14,4,two_year,west,yes
23,74.33,7,two_year,east,yes
65,50.67,6,annual,north,yes
37,42.76,8,annual,south,yes
27,104.1,3,monthly,south,yes
65,99.76,0,monthly,east,no
44,134.6,8,annual,west,yes
35,68.28,5,monthly,west,yes
53,124.51,4,two_year,north,yes
30,61.5,0,annual,east,no
66,121.07,4,monthly,west,yes
5,26.25,0,two_year,east,no
18,115.26,2,two_year,north,no
22,126.3,0,annual,south,yes
38,64.67,1,monthly,west,no
65,58.66,6,annual,north,yes
53,77.06,3,monthly,east,yes
61,95.53,7,two_year,west,yes
10,93.22,4,monthly,west,yes
16,71.16,6,annual,west,yes
41,27.47,2,two_year,west,no
63,50.85,8,two_year,west,yes
35,58.17,1,annual,south,no
72,63.81,6,annual,north,yes
37,134.15,2,two_year,east,yes
27,25.37,4,annual,north,yes
70,81.99,8,annual,west,yes
63,42.66,3,monthly,east,yes
51,73.57,8,annual,north,yes
8,107.88,0,two_year,south,no
15,122.97,5,monthly,east,yes
71,66.42,1,monthly,west,no
35,44.62,4,monthly,east,no
16,58.27,8,annual,east,yes
29,104.05,7,monthly,north,yes
61,84.49,3,two_year,west,yes
24,116.59,3,two_year,west,yes
5,28.74,5,monthly,west,yes
46,133.07,7,annual,east,yes
58,39.22,4,two_year,south,no
54,87.52,6,annual,north,yes
44,118.67,3,two_year,east,yes
2,56.81,0,two_year,south,no
16,128.25,8,two_year,north,yes
50,104.23,5,annual,north,yes
34,50.79,4,two_year,south,no
8,100.53,0,two_year,south,no
59,135.22,4,two_year,west,yes
8,29.97,4,annual,north,no
55,73.34,7,two_year,west,yes
19,42.56,1,two_year,south,no
19,50.65,7,two_year,south,yes
51,49.36,4,annual,north,no
12,78.22,4,monthly,south,yes
11,118.65,7,monthly,west,yes
29,124.19,6,annual,north,yes
22,83.14,5,annual,west,yes
67,80.18,7,monthly,south,yes
19,91.17,6,two_year,south,yes
66,130.62,8,monthly,east,yes
55,83.91,6,annual,west,yes
70,36.96,0,annual,south,no
31,63.26,7,monthly,west,yes
65,72.09,8,monthly,north,yes
46,117.35,5,monthly,west,yes
46,111.96,3,annual,west,yes
3,35.46,1,two_year,north,no
43,115.51,5,monthly,east,yes
17,122.4,0,monthly,west,yes
45,126.67,7,monthly,north,yes
12,79.75,4,annual,east,yes
10,65.94,3,annual,west,yes
53,37.92,6,monthly,east,yes
62,42.75,5,two_year,north,no
23,99.8,7,monthly,east,yes
30,92.24,0,monthly,east,yes
23,133.79,5,annual,west,yes
33,138.25,1,annual,north,no
51,128.52,6,two_year,west,yes
19,52.84,2,annual,south,no
65,105.49,3,two_year,west,yes
53,91.86,3,annual,east,no
24,29.04,4,annual,south,yes
25,57.88,1,two_year,south,no
14,71.65,5,monthly,north,yes
55,94.55,5,annual,south,yes
63,128.61,7,two_year,west,yes
62,44.03,6,monthly,east,yes
2,84.73,0,annual,north,yes
50,86.41,7,two_year,south,yes
8,44.89,3,annual,east,yes
58,70.71,0,annual,south,no
42,80.28,1,annual,south,no
60,131.8,1,monthly,west,yes
55,128.43,5,monthly,south,yes
70,76.75,7,two_year,south,yes
65,81.05,1,annual,east,no
66,105.43,2,two_year,west,no
26,49.7,3,two_year,east,yes
47,121.34,5,monthly,south,yes
42,43.55,7,monthly,east,yes
29,81.21,4,monthly,east,yes
71,81.7,2,annual,east,yes
11,84.22,5,two_year,north,yes
46,78.05,5,annual,south,yes
27,135.72,2,monthly,west,yes
25,25.01,7,annual,south,yes
59,97.61,3,annual,north,yes
4,127.71,4,monthly,east,yes
51,123.27,6,two_year,west,yes
62,104.11,4,two_year,east,no
60,39.4,7,annual,south,yes
51,107.45,3,monthly,east,yes
50,29.02,1,annual,south,no
50,73.82,0,annual,east,no
4,134.33,2,monthly,south,yes
9,110.84,8,two_year,west,yes
34,92.32,1,two_year,west,yes
63,62.13,8,monthly,west,yes
43,47.1,6,two_year,north,yes
10,85.04,2,monthly,north,yes
2,136.13,6,two_year,east,yes
71,128.11,7,two_year,west,yes
65,66.4,8,two_year,north,yes
33,70.04,0,two_year,west,no
17,86.23,7,monthly,west,yes
58,96.13,1,two_year,south,no
46,40.79,8,annual,west,yes
21,26.75,5,two_year,south,yes
59,54.46,0,monthly,west,no
2,46.7,5,annual,north,yes
43,51.61,3,monthly,east,yes
22,76.78,4,monthly,east,yes
31,91.17,5,monthly,north,yes
54,101.06,8,two_year,north,yes
42,70.49,7,two_year,south,yes
32,109.69,6,annual,east,yes
30,68.04,0,annual,east,no
7,36.98,1,monthly,west,yes
67,107.22,0,monthly,east,no
3,45.69,1,monthly,north,no
48,50.4,1,two_year,west,no
2,25.77,3,two_year,north,no
44,40.97,3,two_year,west,no
45,134.82,4,two_year,east,yes
37,82.87,1,two_year,north,no
6,91.06,2,annual,east,yes
71,95.3,1,annual,west,no
50,122.93,0,two_year,north,no
17,73.84,6,annual,south,yes
41,123.62,0,two_year,east,no
67,82.65,1,annual,east,no
3,49.82,0,monthly,west,no
71,62.26,6,monthly,south,yes
1,101.4,1,monthly,west,yes
50,29.49,6,monthly,west,yes
1,30.06,3,two_year,north,no
5,41.15,7,two_year,south,yes
28,122.31,3,annual,north,yes
72,72.73,5,annual,south,yes
17,77.73,2,two_year,north,yes
41,42.93,0,two_year,south,no
21,78.07,4,two_year,west,no
46,101.15,1,two_year,south,no
9,137.78,8,annual,north,yes
40,118.54,4,annual,west,yes
24,119.13,3,annual,west,yes
35,112.64,8,monthly,east,yes
65,125.4,0,annual,north,no
70,137.59,1,annual,south,no
33,33.36,5,monthly,north,yes
72,115.97,5,annual,south,yes
42,122.25,4,two_year,east,yes
69,60.1,2,monthly,south,yes
50,29.06,3,monthly,west,no
21,68.39,7,two_year,north,yes
13,34.17,7,two_year,east,yes
45,41.12,3,two_year,north,yes
32,128.49,2,monthly,west,yes
61,129.35,3,monthly,east,yes
2,55.82,2,monthly,west,yes
36,115.57,4,monthly,west,yes
44,111.69,7,monthly,west,yes
23,87.49,5,annual,north,yes
15,55.92,7,two_year,west,yes
44,30.38,1,two_year,east,no
35,41.76,3,annual,west,yes
15,127.99,6,annual,west,yes
26,62.39,0,annual,south,no
29,131.34,4,annual,north,yes
30,92.21,7,monthly,north,yes
4,111.49,5,monthly,south,yes
7,116.62,5,two_year,east,yes
7,126.77,1,annual,south,no
71,36.99,2,annual,east,no
9,82.85,3,annual,west,yes
35,139.47,5,two_year,west,yes
10,131.03,7,annual,east,yes
70,58.48,7,two_year,south,yes
35,138.55,1,monthly,east,yes
30,128.91,7,annual,west,yes
2,125.86,5,annual,west,yes
37,74.25,2,monthly,south,yes
34,107.84,8,annual,west,yes
71,63.2,6,two_year,east,yes
17,42.83,8,monthly,north,yes
65,117.9,5,annual,west,yes
17,114.46,3,annual,south,yes
72,81.5,0,monthly,north,no
14,131.56,5,two_year,west,yes
61,119.68,6,two_year,east,yes
35,95.54,6,monthly,south,yes
16,28.35,2,annual,east,no
6,65.1,0,annual,north,no
65,133.28,2,annual,east,no
58,109.33,5,two_year,west,yes
23,70.19,6,two_year,south,yes
46,47.09,6,two_year,south,yes
38,78.5,2,monthly,west,yes
35,30.2,0,monthly,east,no
46,31.23,7,annual,west,yes
67,130.24,3,monthly,north,no
17,58.47,1,monthly,north,yes
4,63.58,3,two_year,west,yes
59,60.81,2,two_year,west,no
27,44.24,5,annual,west,yes
15,77.64,6,two_year,east,yes
11,44.81,5,two_year,east,no
12,55.57,5,annual,east,yes
31,71.45,4,two_year,west,yes
65,100.39,8,monthly,west,yes
45,33.18,4,monthly,north,no
3,66.42,0,annual,west,no
18,135.37,2,monthly,east,yes
5,42.59,7,monthly,south,yes
69,118.7,0,annual,south,no
38,115.29,4,two_year,north,yes
26,70.45,2,two_year,north,no
8,126.03,0,monthly,north,yes
28,91.55,6,annual,north,yes
17,33.84,6,two_year,north,yes
13,123.28,0,two_year,west,yes
67,63.4,8,two_year,east,yes
3,32.71,3,two_year,north,no
27,96.86,6,monthly,north,yes
64,67.64,0,monthly,north,no
47,66.68,8,monthly,south,yes
51,68.0,2,annual,east,no
27,82.38,3,monthly,south,yes
59,107.74,7,two_year,west,yes
25,90.97,5,monthly,west,yes
72,29.39,1,annual,south,no
34,62.65,7,annual,south,yes
45,60.64,6,two_year,west,yes
32,77.48,0,annual,south,no
15,128.04,5,annual,north,yes
64,38.78,7,monthly,south,yes
66,119.05,2,two_year,east,yes
69,117.2,0,annual,north,no
20,61.06,8,annual,north,yes
61,37.22,2,annual,west,no
27,80.09,5,monthly,north,yes
21,138.3,2,monthly,east,yes
44,101.09,1,monthly,south,no
26,74.12,1,annual,east,no
4,64.12,2,annual,east,yes
43,128.99,6,monthly,east,yes
4,76.77,3,annual,east,yes
45,74.71,1,monthly,north,no
23,132.36,7,two_year,south,yes
37,106.58,7,two_year,south,yes
59,72.01,6,annual,east,yes
49,51.4,7,monthly,east,yes
51,48.62,1,monthly,west,no
30,127.63,1,annual,north,yes
40,112.63,1,two_year,west,no
61,61.45,4,two_year,east,yes
31,66.29,5,monthly,north,yes
39,129.28,6,monthly,east,yes
59,52.92,5,annual,north,no
68,31.51,6,monthly,north,yes
38,64.11,5,two_year,south,yes
50,40.66,5,two_year,north,yes
58,136.78,6,monthly,west,yes
56,80.79,6,annual,north,yes
66,107.76,7,two_year,north,yes
65,61.55,6,monthly,east,yes
46,112.95,0,annual,south,no
51,72.84,0,two_year,west,no
42,30.05,2,annual,north,no
66,132.52,7,monthly,north,yes
21,32.54,7,annual,west,yes
47,78.7,1,monthly,north,yes
69,37.05,8,two_year,south,yes
14,61.7,7,annual,north,yes
43,69.07,8,two_year,east,yes
60,60.57,3,two_year,south,no
41,60.37,0,annual,east,no
30,132.97,4,two_year,east,no
57,89.0,1,two_year,south,no
45,101.58,7,two_year,west,yes
18,103.08,3,annual,west,no
5,101.96,3,monthly,south,yes
42,122.95,1,annual,south,no
58,80.88,2,monthly,west,no
27,77.74,0,two_year,east,no
29,132.19,0,monthly,south,yes
42,71.16,0,two_year,south,no
50,125.54,7,annual,west,yes
62,112.98,3,annual,north,yes
32,59.18,0,two_year,south,no
71,63.64,7,monthly,east,yes
54,43.14,3,two_year,north,no
35,86.44,4,annual,west,yes
51,78.74,2,annual,north,no
36,91.95,8,monthly,south,yes
33,70.95,3,monthly,west,yes
58,60.99,3,two_year,south,no
3,59.65,3,two_year,north,no
2,113.43,7,monthly,west,yes
41,100.54,0,annual,west,no
24,57.93,3,monthly,west,yes
48,101.51,3,monthly,west,yes
32,54.4,0,annual,south,no
27,73.44,4,monthly,east,yes
24,43.27,7,annual,east,yes
43,41.58,1,two_year,east,no
26,116.5,6,monthly,west,yes
36,74.41,0,monthly,west,no
28,59.04,7,two_year,south,yes
52,33.18,8,two_year,west,yes
7,28.32,6,monthly,south,yes
65,123.26,1,two_year,south,no
24,51.68,0,annual,north,no
47,129.44,0,annual,west,no
31,132.52,2,annual,north,yes
19,32.9,3,annual,north,yes
22,33.68,0,two_year,west,no
32,43.84,4,annual,north,yes
58,115.27,2,two_year,east,no
72,26.91,1,two_year,north,no
7,120.81,1,annual,south,yes
37,46.02,5,monthly,north,yes
57,36.96,4,monthly,north,no
14,83.55,0,monthly,north,yes
41,35.57,3,two_year,south,no
62,130.33,1,annual,south,yes
24,62.84,1,monthly,north,yes
37,139.98,6,two_year,south,yes
4,93.94,3,monthly,west,yes
19,66.55,4,annual,east,no
48,72.63,1,two_year,south,no
44,26.58,1,annual,west,no
53,36.36,6,monthly,north,yes
45,123.48,2,two_year,west,no
22,98.34,2,monthly,east,yes
7,115.06,2,monthly,north,yes
64,76.88,8,annual,west,yes
42,115.23,5,monthly,north,yes
25,82.08,6,annual,west,yes
25,88.95,4,two_year,east,yes
37,50.31,3,monthly,west,yes
13,65.63,3,two_year,west,yes
19,93.99,1,annual,east,no
66,42.3,7,annual,south,yes
17,47.85,8,monthly,east,yes
8,44.82,4,two_year,north,yes
62,89.75,5,two_year,south,yes
11,97.08,1,annual,south,yes
30,52.35,3,monthly,south,no
3,68.89,2,two_year,south,no
47,88.31,1,monthly,east,no
38,60.48,4,annual,north,yes
69,29.85,8,monthly,east,yes
14,88.44,1,monthly,west,yes
33,39.25,5,monthly,west,yes
27,125.03,8,monthly,north,yes
39,42.4,4,annual,south,yes
31,51.76,8,annual,north,yes
55,89.09,7,annual,north,yes
48,37.74,1,annual,south,no
7,35.39,2,two_year,west,yes
22,78.6,8,annual,west,yes
15,61.59,7,monthly,east,yes
24,34.76,1,two_year,west,no
43,121.57,2,monthly,west,yes
26,59.8,4,monthly,east,yes
39,95.21,7,monthly,north,yes
39,52.62,6,monthly,north,yes
39,92.13,5,monthly,east,yes
68,25.63,0,two_year,north,no
60,44.94,7,two_year,south,yes
50,60.98,0,annual,north,no
28,102.46,2,annual,west,no
48,126.98,4,two_year,west,yes
16,116.74,0,annual,south,no
45,86.97,5,monthly,north,yes
39,31.91,6,two_year,south,yes
68,47.78,4,two_year,south,no
29,64.27,5,annual,south,yes
22,94.11,4,annual,south,yes
31,31.67,7,annual,east,yes
60,39.33,3,monthly,east,no
7,109.38,2,two_year,west,yes
54,55.47,7,annual,north,yes
56,108.39,1,two_year,east,yes
11,81.7,8,two_year,east,yes
36,38.96,3,two_year,south,no
63,99.6,1,annual,east,no
6,130.42,0,annual,east,no
63,97.25,4,annual,north,yes
50,68.98,6,two_year,north,yes
42,102.84,6,two_year,north,yes
63,114.99,1,monthly,east,no
52,74.51,3,annual,west,no
18,28.28,4,monthly,west,yes
4,89.06,0,monthly,west,no
8,34.56,5,annual,north,yes
26,109.58,4,two_year,west,yes
25,106.35,1,annual,south,no
4,130.88,3,monthly,north,yes
15,77.16,2,annual,north,no
9,132.49,1,monthly,south,yes
61,120.44,0,monthly,west,no
63,136.17,1,annual,north,no
43,72.81,2,two_year,south,no
2,137.15,2,monthly,west,yes
2,67.85,0,annual,south,no
66,128.8,3,two_year,south,yes
40,76.72,3,annual,east,no
18,108.54,0,two_year,south,no
60,99.82,5,two_year,north,yes
55,84.98,3,monthly,north,no
24,54.31,2,two_year,south,no
46,137.68,3,two_year,south,yes
33,60.04,7,two_year,east,yes
27,135.56,1,monthly,south,yes
72,49.16,7,two_year,south,yes
48,115.94,8,monthly,north,yes
10,32.09,0,monthly,south,yes
39,108.06,2,annual,south,yes
28,118.49,2,two_year,east,yes
28,120.81,6,monthly,south,yes
44,53.22,4,annual,east,no
52,41.15,5,annual,south,yes
3,61.65,4,two_year,east,yes
61,120.26,5,annual,east,yes
51,76.81,6,monthly,west,yes
52,28.81,5,monthly,north,no
55,76.93,8,two_year,south,yes
4,29.75,2,two_year,south,no
16,112.1,0,annual,west,no
2,27.59,4,two_year,south,yes
53,58.15,0,two_year,west,no
8,96.42,5,annual,south,yes
9,104.51,7,annual,west,yes
22,27.52,5,two_year,south,yes
53,74.32,2,monthly,north,yes
37,56.89,7,two_year,north,yes
67,72.84,1,monthly,north,yes
33,72.46,3,monthly,south,yes
61,132.06,7,annual,south,yes
60,83.97,2,two_year,north,no
63,86.53,8,monthly,south,yes
4,70.97,3,two_year,east,no
42,56.44,5,annual,south,no
21,99.33,4,annual,west,yes
42,101.07,2,monthly,south,yes
43,30.46,8,monthly,north,yes
37,41.37,0,annual,south,no
57,118.07,4,two_year,north,no
36,96.49,7,monthly,north,yes
14,127.42,6,monthly,north,yes
33,66.98,6,annual,west,yes
42,118.08,3,annual,north,yes
3,61.62,5,annual,east,yes
30,54.59,6,annual,east,yes
67,48.57,5,two_year,west,no
21,59.84,1,monthly,east,yes
45,74.0,2,monthly,north,yes
38,119.7,4,annual,west,yes
43,92.34,7,monthly,west,yes
29,111.82,8,two_year,south,yes
22,121.07,3,monthly,west,yes
17,49.73,4,annual,west,no
1,123.9,5,two_year,south,yes
62,115.63,5,monthly,north,yes
63,119.79,2,monthly,east,no
56,118.7,6,annual,north,yes
40,109.22,8,monthly,west,yes
65,128.33,6,annual,north,yes
10,48.06,4,monthly,north,yes
10,132.69,6,two_year,west,yes
68,66.08,1,two_year,east,no
4,89.72,4,monthly,east,yes
61,46.4,3,annual,east,yes
51,113.12,7,annual,south,yes
20,72.9,8,two_year,west,yes
50,59.91,4,two_year,east,yes
55,128.04,2,two_year,west,no
43,110.24,6,two_year,east,yes
33,127.95,0,annual,north,yes
38,118.17,4,monthly,south,yes
42,112.04,3,monthly,west,yes
68,51.16,1,annual,west,no
8,121.02,8,monthly,north,yes
23,109.03,7,two_year,east,yes
67,40.63,4,annual,west,no
24,34.78,3,annual,west,yes
17,111.61,2,annual,west,yes
65,89.23,1,monthly,west,yes
14,31.49,6,two_year,west,yes
16,137.7,4,monthly,north,yes
39,113.03,8,monthly,east,yes
8,30.09,8,two_year,west,yes
34,118.99,2,monthly,north,no
50,93.64,6,annual,north,yes
37,37.17,3,annual,north,no
11,96.34,0,monthly,south,no
8,40.02,1,two_year,west,no
53,117.74,0,two_year,east,no
55,87.97,7,monthly,west,yes
56,83.61,4,annual,north,no
29,64.25,7,annual,east,yes
22,113.94,3,two_year,north,no
65,109.57,8,annual,east,yes
65,66.62,1,annual,south,no
20,118.57,8,monthly,south,yes
48,32.68,5,two_year,east,no
70,113.16,3,two_year,west,yes
69,115.21,3,two_year,south,no
23,100.57,6,monthly,south,yes
15,110.94,6,two_year,west,yes
72,109.07,0,two_year,east,no
2,73.75,1,monthly,west,no
16,51.91,1,monthly,south,no
11,66.37,3,monthly,west,no
54,42.31,2,monthly,east,no
21,61.91,3,monthly,west,yes
49,137.53,0,two_year,east,no
62,80.43,6,annual,west,yes
67,55.67,1,annual,south,no
55,80.81,3,monthly,north,yes
43,81.79,3,annual,east,no
51,49.09,3,monthly,west,yes
40,138.84,0,two_year,east,no
8,67.95,7,two_year,west,yes
19,73.46,3,two_year,east,no
66,138.77,2,annual,north,no
39,61.65,7,annual,east,yes
52,110.32,7,monthly,west,yes
45,78.88,4,monthly,north,no
18,68.68,5,annual,east,yes
58,95.03,0,two_year,west,no
63,127.76,6,two_year,south,yes
9,132.42,4,monthly,west,yes
32,62.8,7,annual,north,yes
51,102.34,3,two_year,south,no
22,97.58,0,two_year,east,no
10,76.36,1,two_year,south,no
17,85.21,7,two_year,north,yes
13,137.38,4,monthly,east,yes
4,82.76,5,monthly,east,yes
56,54.44,6,two_year,west,yes
68,64.83,5,annual,north,yes
24,122.79,5,monthly,north,yes
29,83.17,3,monthly,south,yes
11,27.46,6,monthly,south,yes
20,37.44,5,annual,south,yes
49,118.88,4,monthly,west,yes
7,33.01,8,two_year,north,yes
43,134.42,8,annual,west,yes
47,45.91,4,two_year,north,yes
1,97.68,1,annual,west,yes
25,137.09,2,annual,east,yes
59,36.81,3,monthly,west,no
53,68.76,1,two_year,west,no
33,89.52,3,annual,east,yes
59,68.38,1,two_year,south,no
44,110.85,2,annual,east,no
37,100.93,2,monthly,south,yes
24,138.1,4,two_year,west,yes
30,111.81,7,annual,west,yes
68,115.7,3,annual,north,no
34,51.93,1,monthly,south,yes
6,42.98,7,annual,west,yes
72,34.86,6,two_year,west,no
39,58.24,5,monthly,south,yes
11,27.25,6,annual,east,yes
26,89.9,7,two_year,north,yes
62,94.97,8,monthly,south,yes
54,32.83,1,monthly,east,yes
16,40.39,7,monthly,east,yes
6,87.29,5,annual,east,yes
20,82.51,5,annual,north,yes
43,77.61,1,two_year,west,no
17,118.3,8,monthly,west,yes
58,41.12,5,monthly,south,no
61,107.46,1,monthly,east,no
41,33.16,0,annual,south,no
29,105.62,4,two_year,south,yes
21,94.55,3,two_year,west,no
40,27.96,2,annual,north,no
24,123.92,2,annual,west,yes
49,30.56,4,annual,south,no
32,124.89,8,two_year,east,yes
62,34.44,8,annual,east,yes
5,42.17,1,annual,north,no
43,55.12,0,monthly,south,no
2,27.64,1,two_year,north,no
64,109.54,1,annual,south,no
27,115.06,4,monthly,east,yes
38,126.69,2,two_year,west,yes
68,79.13,0,two_year,south,no
28,117.6,4,annual,east,yes
9,73.59,1,monthly,south,yes
37,40.64,7,two_year,west,yes
10,81.35,2,monthly,south,no
54,114.0,6,two_year,west,yes
2,136.23,0,two_year,north,yes
63,62.21,1,annual,north,no
20,117.14,2,monthly,south,yes
3,93.25,4,annual,west,yes
37,139.7,1,annual,north,no
15,36.06,6,annual,south,yes
7,28.32,3,annual,west,yes
8,86.94,5,monthly,south,yes
23,136.04,5,monthly,west,yes
67,59.09,1,annual,west,no
60,91.64,7,annual,west,yes
10,47.83,6,annual,south,yes
19,111.58,5,annual,west,yes
69,126.05,6,two_year,west,yes
46,121.44,2,two_year,south,yes
21,33.2,2,monthly,east,yes
33,120.26,4,two_year,north,yes
48,68.72,5,annual,west,no
27,70.08,3,annual,north,yes
49,38.06,2,two_year,east,no
24,94.82,3,two_year,west,yes
65,83.61,3,monthly,east,no
39,109.82,7,monthly,south,yes
19,47.22,4,monthly,north,yes
67,58.98,3,monthly,east,yes
15,75.81,8,monthly,north,yes
60,53.74,4,two_year,west,no
67,73.94,4,two_year,south,yes
42,90.14,1,two_year,west,no
25,40.09,7,annual,west,yes
11,105.51,1,two_year,south,yes
8,63.88,4,annual,west,yes
29,125.1,0,monthly,north,yes
40,66.97,8,annual,east,yes
29,43.7,2,two_year,west,no
15,84.92,2,annual,east,yes
2,25.45,1,monthly,south,yes
29,56.01,3,annual,north,yes
20,87.66,5,two_year,south,yes
57,136.25,1,two_year,south,no
46,114.56,1,two_year,west,no
47,59.63,6,annual,east,yes
2,105.05,2,monthly,west,yes
54,125.17,8,annual,west,yes
64,58.43,2,two_year,west,no
2,90.86,4,annual,north,yes
68,60.05,6,annual,west,yes
46,63.81,5,monthly,east,yes
42,82.41,6,annual,east,yes
64,127.9,5,monthly,south,yes
3,49.69,8,annual,east,yes
20,57.65,3,annual,south,no
42,107.12,5,two_year,east,yes
44,131.38,2,two_year,south,yes
63,33.48,8,two_year,west,no
72,119.25,1,two_year,south,no
62,124.72,2,monthly,west,no
20,98.23,6,monthly,north,yes
24,50.95,4,annual,south,yes
14,129.17,3,two_year,north,yes
65,105.91,7,two_year,south,yes
13,94.38,5,two_year,south,yes
52,98.88,3,two_year,west,no
29,74.0,5,annual,east,yes
52,50.84,5,two_year,south,yes
29,99.66,3,two_year,north,no
57,53.09,8,monthly,south,yes
4,29.76,8,two_year,south,yes
64,136.02,1,annual,north,no
8,48.78,3,two_year,south,no
66,122.28,0,annual,north,no
38,72.57,3,monthly,east,yes
29,87.03,8,two_year,east,yes
21,126.41,3,monthly,south,yes
61,138.36,2,monthly,east,yes
70,124.9,1,two_year,south,no
62,79.97,7,monthly,east,yes
6,51.59,4,two_year,south,no
1,121.22,5,annual,east,yes
7,53.05,1,two_year,west,no
60,71.98,4,annual,south,yes
26,29.38,7,two_year,south,yes
29,63.91,1,monthly,east,yes
4,49.22,2,two_year,east,yes
10,107.03,7,annual,south,yes
55,137.43,4,annual,west,yes
27,95.62,8,two_year,west,yes
17,79.06,8,annual,north,yes
8,37.86,6,two_year,south,yes
54,53.4,7,monthly,south,yes
64,48.5,4,two_year,south,yes
21,90.99,5,two_year,north,yes
49,55.06,7,annual,north,yes
33,37.65,5,monthly,south,yes
1,73.42,5,monthly,north,yes
44,49.19,2,annual,east,no
13,36.46,3,annual,south,no
20,82.75,6,two_year,north,yes
8,122.43,0,two_year,west,yes
12,48.31,2,monthly,east,yes
40,88.05,0,monthly,north,no
71,96.55,4,monthly,east,yes
12,25.33,4,monthly,east,yes
72,84.08,6,monthly,south,yes
20,133.72,7,monthly,west,yes
66,36.03,7,monthly,north,yes
10,44.7,6,annual,east,yes
68,128.41,4,annual,west,yes
20,36.52,3,monthly,south,yes
39,25.05,3,annual,east,yes
8,107.7,1,monthly,east,yes
15,54.53,6,two_year,west,yes
39,101.56,8,two_year,north,yes
38,88.07,3,monthly,north,no
61,118.45,0,annual,north,no
23,91.37,4,two_year,south,yes
45,86.42,7,annual,east,yes
36,113.34,2,two_year,west,no
14,90.34,4,annual,east,yes
72,40.62,7,monthly,west,yes
31,69.73,2,annual,north,no
48,59.01,3,monthly,east,yes
58,101.36,8,two_year,north,yes
6,43.53,2,annual,south,no
6,109.19,5,annual,south,yes
58,132.34,7,monthly,south,yes
43,71.3,2,monthly,south,yes
50,139.67,1,two_year,south,no
35,34.01,8,annual,west,yes
62,123.32,1,monthly,east,yes
42,127.93,6,annual,west,yes
10,29.64,0,two_year,west,no
51,129.9,8,monthly,west,yes
36,46.61,6,annual,south,yes
55,124.55,0,monthly,east,no
58,80.32,1,annual,east,no
6,81.82,5,two_year,east,yes
54,67.28,6,annual,west,yes
52,42.31,7,monthly,south,yes
53,83.16,8,monthly,east,yes
2,118.23,5,two_year,south,yes
51,57.8,8,two_year,south,yes
42,59.27,8,annual,south,yes
21,58.12,5,two_year,north,yes
21,51.27,3,two_year,east,no
11,49.7,3,monthly,south,yes
15,73.14,0,monthly,west,no
57,126.65,4,monthly,south,yes
23,56.53,4,monthly,south,yes
22,138.26,8,two_year,north,yes
65,92.61,7,two_year,east,yes
63,27.65,3,annual,east,no
72,79.6,7,annual,north,yes
64,81.59,2,monthly,south,yes
57,68.49,0,two_year,south,no
12,111.1,8,two_year,south,yes
30,138.46,0,two_year,west,no
33,126.44,6,two_year,west,yes
70,58.2,7,monthly,north,yes
65,139.49,0,two_year,east,no
71,112.73,6,monthly,east,yes
28,31.28,0,monthly,east,no
1,84.32,6,two_year,east,yes
71,71.89,6,annual,north,yes
46,99.79,4,monthly,south,yes
47,73.05,1,two_year,south,no
30,69.75,6,monthly,east,yes
41,135.35,6,monthly,east,yes
6,58.35,3,two_year,east,no
56,30.94,7,annual,north,yes
4,28.55,1,annual,east,no
71,42.34,6,annual,south,yes
32,68.47,7,two_year,east,yes
72,117.48,2,monthly,west,yes
20,74.77,1,annual,south,no
25,135.49,2,monthly,west,yes
63,50.63,0,monthly,east,no
67,115.45,4,annual,east,no
68,109.29,2,monthly,east,yes
16,65.57,3,annual,west,yes
43,69.31,3,two_year,east,no
32,118.4,6,monthly,east,yes
34,39.37,5,monthly,south,yes
1,107.56,6,annual,south,yes
19,75.88,3,annual,east,no
12,52.04,6,monthly,east,yes
63,51.23,7,monthly,north,yes
23,67.89,0,monthly,west,no
3,79.4,7,monthly,east,yes
29,136.44,0,two_year,east,no
32,69.94,4,two_year,north,no
59,88.14,8,annual,north,yes
17,26.99,4,monthly,north,yes
42,136.76,6,annual,south,yes
6,83.72,5,monthly,east,yes
10,136.9,5,monthly,south,yes
32,100.66,7,monthly,south,yes
8,80.47,3,two_year,west,yes
27,112.85,6,monthly,north,yes
8,95.63,3,two_year,south,yes
56,105.54,3,monthly,east,yes
46,81.84,8,two_year,south,yes
56,38.49,4,annual,east,no
38,81.73,6,two_year,west,yes
29,87.53,7,annual,south,yes
47,87.79,2,monthly,west,yes
49,121.65,6,two_year,north,yes
11,74.97,1,two_year,south,no
34,102.76,8,two_year,south,yes
62,62.62,2,two_year,west,no
14,85.76,0,two_year,east,no
44,116.31,5,annual,east,yes
16,45.55,6,two_year,south,yes
13,117.41,8,two_year,west,yes
29,112.02,1,two_year,south,no
50,122.46,3,annual,south,no
48,105.42,7,monthly,west,yes
52,83.26,8,annual,east,yes
30,111.43,1,two_year,north,no
59,109.26,2,annual,west,no
17,78.06,2,two_year,east,yes
44,77.07,2,two_year,north,no
30,118.07,4,annual,east,yes
38,44.64,8,annual,west,yes
44,72.24,3,annual,south,yes
12,29.37,0,two_year,south,no
71,73.05,0,monthly,west,no
58,44.84,1,monthly,west,no
62,123.8,7,two_year,west,yes
30,48.76,7,annual,south,yes
23,94.3,6,two_year,east,yes
11,57.57,2,two_year,north,no
70,81.39,1,monthly,west,no
18,60.14,5,monthly,north,yes
1,68.03,6,monthly,north,yes
16,31.86,6,annual,south,yes
21,67.99,0,annual,west,no
34,117.46,1,annual,east,no
17,118.54,0,monthly,north,no
5,52.56,5,two_year,west,yes
8,103.27,8,two_year,north,yes
59,44.25,1,monthly,north,no
62,46.35,3,two_year,west,no
22,72.84,0,two_year,west,no
69,42.49,5,monthly,south,yes
43,53.07,7,monthly,east,yes
38,115.73,6,annual,north,yes
28,94.25,7,monthly,west,yes
21,116.69,8,annual,north,yes
39,45.03,8,monthly,south,yes
35,67.01,2,monthly,north,yes
65,96.69,3,annual,west,no
17,84.45,2,annual,east,yes
52,131.11,2,two_year,west,yes
38,103.55,1,two_year,north,no
72,74.81,0,annual,south,no
33,117.44,4,annual,west,yes
10,68.84,3,monthly,west,yes
57,127.91,0,two_year,north,no
19,112.6,8,monthly,south,yes
70,78.59,0,two_year,east,no
22,117.22,5,two_year,west,yes
10,126.06,3,monthly,east,yes
48,78.76,7,monthly,north,yes
52,91.31,0,two_year,south,no
11,66.23,3,two_year,north,yes
11,107.15,2,annual,east,yes
70,100.23,6,monthly,south,yes
59,37.23,5,annual,east,no
49,44.09,7,monthly,south,yes
50,87.0,8,two_year,north,yes
34,97.85,1,two_year,east,yes
55,47.56,7,monthly,west,yes
13,34.04,4,monthly,east,yes
30,124.63,6,monthly,west,yes
36,112.34,5,monthly,west,yes
9,61.58,5,annual,east,yes
50,102.59,4,two_year,west,yes
17,114.3,7,annual,north,yes
24,81.01,2,monthly,north,no
15,98.09,7,monthly,east,yes
55,96.42,6,two_year,south,yes
36,73.58,1,two_year,east,yes
39,134.91,1,two_year,west,no
16,137.61,0,two_year,west,no
45,118.57,6,monthly,north,yes
18,46.85,4,annual,north,yes
68,49.89,5,two_year,west,yes
55,128.65,5,annual,east,yes
46,133.01,3,annual,east,yes
1,82.86,6,annual,north,yes
50,73.87,1,monthly,north,no
22,28.3,1,monthly,east,no
68,93.56,4,two_year,north,no
22,102.05,8,annual,south,yes
32,89.14,1,monthly,west,no
61,34.9,6,monthly,north,yes
22,89.98,6,annual,north,yes
11,123.69,5,two_year,east,yes
13,43.03,4,annual,west,yes
44,85.13,8,annual,west,yes
40,139.98,7,two_year,west,yes
42,34.64,8,two_year,west,yes
12,71.51,1,monthly,east,yes
13,137.28,5,two_year,south,yes
72,52.09,6,two_year,east,yes
3,90.25,8,two_year,east,yes
13,65.75,5,monthly,north,yes
38,115.72,6,annual,east,yes
27,74.26,0,two_year,east,no
54,46.47,7,annual,west,yes
47,111.83,4,two_year,east,yes
3,99.7,8,two_year,east,yes
69,95.72,1,two_year,east,no
22,34.57,2,annual,east,no
34,84.61,4,two_year,north,yes
4,128.96,8,monthly,west,yes
65,88.27,5,annual,south,yes
36,26.45,3,annual,west,no
61,26.03,2,monthly,east,no
56,116.0,7,annual,south,yes
24,136.97,4,two_year,south,yes
20,79.96,1,two_year,east,yes
13,82.61,3,two_year,west,yes
28,68.99,7,two_year,south,yes
13,29.49,1,monthly,west,no
65,127.31,6,monthly,south,yes
5,134.65,6,two_year,west,yes
9,128.36,8,annual,east,yes
