amount,hour,country_type,device_age_days,txn_velocity_24h,fraud
44.4,3,local,604,8,no
193.13,21,local,602,7,no
31.72,6,local,160,11,no
115.25,3,local,752,6,no
50.67,2,local,711,8,no
19.15,18,local,103,3,no
280.86,6,local,820,5,no
7.13,5,local,416,3,no
103.48,7,local,274,3,no
33.05,9,local,97,11,no
13.77,18,local,54,2,no
224.12,15,local,850,12,no
6.01,19,foreign,318,10,no
124.74,8,local,172,9,no
84.96,21,local,392,6,no
6.56,12,local,535,1,no
60.41,4,foreign,696,11,no
98.89,0,foreign,726,3,no
54.68,10,local,681,2,no
59.17,19,local,574,6,no
75.68,17,local,467,4,no
34.33,12,foreign,617,8,no
54.11,5,local,661,3,no
190.7,13,foreign,578,4,no
124.16,6,local,628,6,no
36.18,0,foreign,486,12,no
30.3,8,foreign,343,8,no
10.9,3,local,53,10,no
210.3,17,local,310,11,no
92.19,1,foreign,401,3,no
62.72,17,foreign,634,10,no
70.34,0,local,446,11,no
91.12,10,local,672,12,no
67.4,6,local,824,7,no
107.56,3,foreign,488,1,no
171.24,14,local,381,7,no
81.86,0,local,771,11,no
92.43,23,foreign,815,7,no
96.57,20,local,816,8,no
17.74,14,local,840,11,no
158.2,18,foreign,216,2,no
59.96,10,local,717,10,no
24.03,0,foreign,373,9,no
86.12,20,local,386,2,no
13.98,17,foreign,197,5,no
239.29,18,local,317,3,no
20.11,19,local,579,5,no
82.41,16,local,164,10,no
201.2,20,local,626,9,no
108.57,9,local,723,10,no
83.43,14,local,9,5,no
70.17,11,foreign,223,6,no
126.51,4,foreign,534,12,no
24.5,1,local,860,9,no
56.19,16,local,833,9,no
19.16,9,local,702,12,no
129.08,17,local,872,4,no
301.67,19,local,81,12,no
47.95,0,local,37,5,no
21.46,5,local,878,12,no
150.28,11,local,392,5,no
105.0,10,local,512,12,no
74.69,10,local,411,9,no
83.7,16,local,3,10,no
109.69,23,local,739,6,no
22.65,0,local,236,8,no
14.87,17,local,294,4,no
347.15,11,local,780,9,no
218.68,22,local,703,8,no
86.38,8,foreign,348,9,no
182.18,7,local,645,11,no
266.1,4,local,798,6,no
33.08,0,foreign,291,3,no
48.93,15,local,443,2,no
19.79,12,local,242,4,no
80.59,19,local,384,4,no
34.79,19,local,815,10,no
124.78,13,local,647,6,no
248.45,19,foreign,328,7,no
17.67,13,local,834,3,no
57.44,7,foreign,37,11,no
170.53,20,local,98,7,no
121.25,6,foreign,429,5,no
13.84,5,local,26,6,no
178.57,18,local,531,3,no
36.13,5,local,106,10,no
21.66,15,local,188,5,no
29.22,11,local,716,3,no
11.94,6,local,693,3,no
97.67,15,local,893,12,no
188.62,19,foreign,772,12,no
48.33,15,local,109,8,no
36.15,15,local,354,10,no
173.52,6,local,521,2,no
73.37,13,local,350,7,no
107.39,19,local,414,2,no
139.28,18,local,160,4,no
15.24,15,foreign,177,10,no
22.29,2,local,292,1,no
13.81,8,local,731,12,no
19.24,11,foreign,734,6,no
36.36,14,local,722,5,no
150.61,6,local,780,10,no
79.26,13,local,614,3,no
19.36,1,local,105,7,no
41.49,14,local,462,7,no
36.4,14,local,876,1,no
11.26,11,foreign,518,10,no
279.74,9,foreign,744,8,yes
109.74,3,local,506,4,no
239.86,1,local,475,7,no
140.96,11,local,410,9,no
66.59,7,local,202,7,no
74.28,4,local,348,10,no
121.71,4,local,798,12,no
33.93,4,local,77,10,no
42.59,17,local,757,11,no
67.51,20,local,59,11,no
73.07,12,local,201,10,no
63.54,6,local,885,12,no
47.78,7,local,44,12,no
47.59,0,local,517,4,no
239.77,10,local,897,10,no
113.47,4,foreign,96,3,no
136.33,13,local,582,12,no
50.36,12,foreign,263,2,no
97.25,14,local,659,9,no
128.44,22,local,825,9,no
14.82,21,local,702,11,no
70.25,22,foreign,616,12,no
45.55,18,local,704,2,no
128.3,2,local,385,12,no
216.03,20,foreign,546,9,no
13.73,0,local,373,2,no
110.6,8,local,242,3,no
8.99,7,local,189,10,no
24.9,22,local,803,1,no
163.93,12,local,609,7,no
14.46,10,local,53,1,no
120.39,17,foreign,213,10,no
20.51,6,local,352,10,no
80.74,9,foreign,846,2,no
100.2,2,local,257,5,no
7.54,17,local,655,3,no
162.67,10,foreign,53,9,no
97.6,4,local,561,4,no
37.58,9,local,125,10,no
53.23,0,local,306,8,no
71.04,5,local,169,9,no
113.11,17,foreign,595,7,no
120.22,11,local,465,10,no
52.04,18,local,80,2,no
78.64,23,foreign,463,5,no
112.6,23,local,490,11,no
176.8,22,foreign,357,2,no
33.1,15,foreign,377,4,no
76.76,14,local,167,5,no
72.97,16,foreign,651,9,no
45.42,10,local,399,3,no
177.86,12,local,679,4,no
7.87,3,local,291,5,no
11.69,21,local,415,12,no
105.64,10,local,774,7,no
54.01,18,local,841,6,no
74.91,4,foreign,230,12,no
144.54,7,local,848,11,no
143.63,22,local,624,9,no
29.63,14,local,501,7,no
159.14,8,local,618,12,no
27.85,2,local,133,1,no
34.11,16,local,632,2,no
140.52,9,local,886,1,no
5.79,17,foreign,627,6,no
23.88,2,foreign,247,12,no
15.62,20,local,481,11,no
50.24,22,local,470,7,no
45.18,15,foreign,461,2,no
52.9,2,local,816,3,no
8.75,13,local,450,1,no
46.34,17,foreign,314,10,no
296.76,23,local,425,7,no
42.32,10,foreign,720,2,no
27.0,22,local,230,11,no
54.86,16,local,451,10,no
43.79,3,local,362,9,no
17.2,3,local,142,10,no
102.25,22,local,851,1,no
15.37,8,local,88,9,no
53.49,5,local,692,6,no
173.49,18,foreign,452,7,no
236.18,22,local,32,9,no
129.87,7,foreign,49,1,no
177.83,19,foreign,554,2,no
22.34,19,local,328,4,no
48.84,3,local,600,10,no
5.0,18,local,521,6,no
51.31,20,local,390,9,no
244.29,20,foreign,61,8,no
69.93,20,foreign,451,2,no
138.02,6,foreign,459,10,no
39.66,14,local,466,6,no
164.93,0,local,521,6,no
74.32,0,local,257,4,no
72.5,9,local,182,11,no
239.11,0,foreign,540,3,no
159.34,5,local,827,5,no
66.98,17,local,714,10,no
20.07,11,foreign,854,3,no
83.16,0,foreign,15,3,no
56.75,18,foreign,671,6,no
91.9,20,local,812,8,no
146.43,14,local,264,11,no
150.07,14,local,680,1,no
177.29,15,foreign,300,2,no
140.36,10,local,217,12,no
37.01,3,local,8,3,no
15.58,23,local,389,3,no
78.27,4,local,330,10,no
19.48,21,foreign,13,8,no
43.78,21,local,434,5,no
56.37,7,local,410,3,no
69.27,0,local,554,11,no
72.42,19,local,710,7,no
104.33,1,local,83,3,no
22.41,17,foreign,221,10,no
60.65,5,local,867,3,no
14.04,22,local,451,9,no
24.9,22,local,659,12,no
85.74,8,local,738,10,no
23.56,0,local,776,12,no
8.02,17,foreign,639,9,no
5.25,23,foreign,682,4,no
7.26,8,local,48,11,no
14.17,13,local,608,1,no
17.55,23,local,796,11,no
121.73,18,local,473,10,no
206.76,14,foreign,818,3,no
74.01,8,local,409,1,no
18.05,23,local,376,7,no
34.78,9,local,129,1,no
18.74,2,local,256,8,no
41.31,18,local,877,9,no
86.87,17,local,326,3,no
27.2,4,local,304,5,no
47.76,11,local,860,8,no
139.95,4,local,775,6,no
77.79,20,local,393,11,no
30.75,7,local,406,10,no
36.33,22,local,768,1,no
15.06,7,local,708,5,no
33.76,15,local,570,12,no
178.3,13,local,744,2,no
29.32,12,foreign,536,12,no
64.01,17,local,316,10,no
151.91,22,foreign,722,12,no
72.24,17,local,581,12,no
150.09,4,local,474,4,no
21.67,13,foreign,7,9,no
127.24,17,local,115,11,no
77.94,1,local,396,12,no
22.99,2,local,200,3,no
94.46,21,foreign,289,2,no
52.26,7,local,317,7,no
87.02,9,foreign,189,5,no
127.82,16,foreign,190,3,no
27.91,21,local,387,9,no
46.95,12,local,56,2,no
6.0,23,local,467,10,no
92.26,18,local,455,12,no
116.91,14,local,828,12,no
179.61,6,local,400,4,no
70.44,18,local,265,11,no
17.19,1,local,255,1,no
18.12,21,foreign,762,2,no
311.19,14,local,567,4,no
153.88,15,foreign,644,5,no
17.94,22,local,839,9,no
8.35,0,local,340,5,no
5.19,0,local,659,12,no
36.84,16,foreign,483,9,no
63.12,14,local,456,3,no
53.4,16,local,121,11,no
20.36,0,local,557,12,no
65.99,9,foreign,155,6,no
6.31,23,local,344,6,no
23.09,9,foreign,468,10,no
51.28,7,local,308,4,no
38.96,19,local,531,10,no
47.76,6,local,158,2,no
93.55,17,local,466,10,no
54.05,10,local,345,1,no
29.04,10,local,876,9,no
27.56,11,local,50,8,no
38.97,19,local,131,3,no
40.99,11,local,375,11,no
182.43,8,local,716,3,no
71.66,9,local,244,9,no
8.45,7,foreign,35,8,no
114.0,19,foreign,748,9,no
125.96,1,local,674,12,no
68.53,17,local,578,2,no
41.35,18,local,453,8,no
22.36,16,local,575,1,no
64.64,23,local,591,6,no
132.19,15,local,742,9,no
24.28,6,foreign,377,7,no
99.24,23,local,723,5,no
16.47,12,local,797,6,no
38.73,18,foreign,807,6,no
99.55,20,local,690,1,no
17.47,9,local,16,9,no
115.3,22,local,852,5,no
156.06,5,local,474,1,no
57.82,15,foreign,15,9,no
389.29,7,local,399,12,no
45.06,4,local,15,12,no
192.43,22,local,139,10,no
219.94,12,local,75,11,no
313.22,10,local,563,7,no
25.35,0,local,790,8,no
13.63,23,foreign,63,4,no
24.86,19,foreign,587,1,no
386.02,2,local,261,11,no
243.52,5,local,538,5,no
208.26,2,foreign,515,5,no
22.5,7,local,787,9,no
6.01,7,local,502,2,no
43.58,18,local,869,5,no
25.27,23,local,580,3,no
80.27,9,local,813,12,no
72.11,23,local,16,11,no
25.06,2,local,684,11,no
207.49,13,foreign,883,8,no
131.46,1,foreign,241,1,no
147.86,11,local,229,12,no
18.0,1,foreign,527,5,no
26.41,9,foreign,284,12,no
108.92,10,local,776,3,no
134.93,10,local,668,6,no
47.45,5,local,725,1,no
31.78,22,local,358,3,no
9.7,18,local,121,2,no
33.5,18,local,439,12,no
218.91,6,foreign,566,9,no
30.55,4,local,604,9,no
19.78,5,local,699,2,no
8.02,21,local,275,7,no
6.23,21,local,800,2,no
97.79,23,local,461,7,no
235.43,8,local,54,10,no
150.36,3,foreign,522,11,no
103.14,7,foreign,368,6,no
216.02,3,local,686,11,no
336.11,6,local,639,10,no
39.29,16,foreign,217,12,no
182.16,20,local,173,11,no
7.14,17,local,739,12,no
521.27,0,local,370,2,no
374.53,4,local,138,3,no
111.67,11,local,832,9,no
135.63,7,foreign,337,1,no
23.5,1,local,494,3,no
205.68,6,foreign,552,8,no
57.95,17,local,99,2,no
271.9,19,foreign,429,2,no
187.67,6,local,621,11,no
48.1,14,local,730,11,no
44.64,15,local,111,3,no
33.46,14,foreign,606,1,no
95.76,6,local,369,12,no
42.5,15,local,400,11,no
42.02,11,foreign,567,8,no
112.29,19,local,299,11,no
15.27,9,foreign,747,2,no
74.67,14,foreign,21,6,no
50.51,8,local,567,9,no
85.16,22,local,364,9,no
9.25,17,local,735,6,no
93.23,13,local,600,11,no
130.27,15,local,411,1,no
70.36,23,local,510,1,no
35.57,22,foreign,231,1,no
41.88,16,local,307,1,no
99.51,22,foreign,792,2,no
27.56,1,local,814,2,no
203.86,5,foreign,328,11,no
115.4,7,foreign,863,8,no
147.37,1,local,134,11,no
122.9,12,local,382,5,no
87.35,16,local,424,2,no
64.21,2,foreign,3,2,yes
645.63,10,local,613,2,no
68.46,21,local,496,10,no
7.52,6,local,674,9,no
22.42,9,local,383,7,no
80.69,11,local,466,4,no
19.94,18,local,354,6,no
199.22,1,local,152,9,no
75.05,3,local,57,1,no
32.83,6,local,230,9,no
82.46,22,foreign,589,4,no
26.43,19,foreign,841,3,no
169.66,20,local,339,8,no
62.9,9,local,894,8,no
24.32,13,foreign,237,8,no
14.22,16,local,879,2,no
6.16,5,local,356,8,no
69.76,14,local,678,1,no
73.87,3,local,146,12,no
49.16,23,local,167,2,no
129.72,3,local,211,9,no
73.54,1,foreign,777,5,no
173.6,16,local,190,3,no
134.7,7,local,609,3,no
100.65,21,foreign,420,10,no
244.69,13,foreign,834,3,no
225.03,0,foreign,107,4,no
39.2,7,local,187,8,no
6.48,17,foreign,561,6,no
46.37,8,local,361,3,no
29.02,22,local,753,10,no
188.2,21,local,427,6,no
41.72,22,local,8,2,no
42.03,13,local,385,12,no
22.37,13,local,707,12,no
160.61,0,local,879,11,no
52.21,2,local,25,7,no
31.28,11,local,54,12,no
136.42,8,local,701,7,no
111.95,13,local,239,8,no
58.21,18,foreign,322,8,no
83.98,1,local,632,5,no
38.93,11,foreign,132,8,no
64.03,6,foreign,51,12,no
89.21,15,foreign,603,3,no
27.3,4,local,114,2,no
136.23,22,local,20,8,no
53.2,12,local,571,8,no
75.03,21,foreign,816,7,no
38.53,16,local,575,8,no
6.39,16,local,138,3,no
92.59,8,local,786,3,no
250.74,15,foreign,652,2,no
192.72,13,foreign,284,6,no
31.5,0,foreign,820,6,no
115.59,5,local,74,7,no
75.55,15,foreign,250,4,no
50.53,10,local,765,7,no
26.52,8,local,784,2,no
33.45,8,local,643,6,no
7.88,4,foreign,166,7,no
22.71,18,foreign,555,8,no
34.06,23,local,57,6,no
147.75,3,local,45,10,no
37.48,16,foreign,831,12,no
105.74,22,local,19,1,no
31.12,14,foreign,718,12,no
74.98,1,local,44,9,no
57.5,12,local,886,8,no
115.11,3,local,895,5,no
298.71,6,local,115,11,no
66.62,10,local,666,12,no
39.36,10,local,752,11,no
26.51,9,local,817,5,no
7.0,9,local,310,7,no
48.85,23,local,538,5,no
147.5,23,local,336,1,no
87.83,3,foreign,371,12,no
93.47,18,local,599,6,no
114.43,6,local,739,6,no
57.55,22,local,709,1,no
83.47,3,local,645,6,no
131.89,2,foreign,810,4,no
95.76,5,local,738,6,no
68.54,20,local,559,9,no
105.89,11,local,391,8,no
172.03,15,local,182,5,no
37.77,12,local,615,3,no
5.58,19,local,440,7,no
79.36,19,local,672,9,no
123.35,4,local,731,8,no
15.71,17,local,696,2,no
185.49,1,foreign,98,10,no
289.22,14,local,395,2,no
26.72,5,local,152,9,no
61.67,23,local,3,12,no
138.36,8,local,65,7,no
13.09,6,foreign,867,1,no
119.56,12,foreign,76,11,no
135.21,7,local,295,2,no
16.22,1,local,605,12,no
83.05,1,foreign,181,3,no
112.01,7,local,485,6,no
197.89,1,local,9,7,no
9.43,18,local,877,2,no
22.43,17,local,436,10,no
61.16,5,local,674,10,no
256.15,20,foreign,66,9,no
104.14,6,local,3,2,no
226.21,13,local,857,3,no
71.87,4,foreign,242,2,no
68.19,17,foreign,580,6,no
14.63,3,local,872,5,no
182.43,9,local,235,4,no
112.03,5,local,205,5,no
13.18,15,local,242,3,no
21.39,2,local,731,12,no
5.07,22,local,550,6,no
116.47,23,foreign,66,10,no
30.07,15,foreign,13,8,no
21.39,21,foreign,82,4,no
21.4,5,local,449,6,no
114.29,11,local,144,9,no
44.97,11,foreign,358,4,no
137.3,18,foreign,616,6,no
60.24,3,local,633,8,no
61.55,0,local,471,4,no
42.98,1,local,341,12,no
38.84,8,local,271,4,no
10.34,0,local,485,6,no
91.63,3,local,752,10,no
287.2,6,local,620,12,no
65.83,10,local,769,8,no
66.99,21,local,636,2,no
5.11,21,local,278,1,no
120.82,6,local,524,7,no
74.04,16,local,713,2,no
6.2,0,local,688,4,no
97.77,13,foreign,482,11,no
23.04,17,local,612,12,no
76.5,12,local,846,11,no
103.56,4,foreign,823,2,no
61.26,2,local,650,10,no
232.36,15,local,652,2,no
10.85,9,foreign,594,2,no
94.51,4,foreign,196,11,no
19.63,22,foreign,562,3,no
64.45,19,foreign,229,7,no
7.59,4,local,280,10,no
121.0,10,local,428,12,no
30.65,5,foreign,204,8,no
46.91,23,foreign,727,8,no
31.05,20,local,160,5,no
87.9,22,local,686,5,no
104.52,19,local,349,6,no
108.82,3,local,386,4,no
83.64,19,local,199,4,no
104.42,2,foreign,789,12,yes
86.62,6,local,274,1,no
122.85,0,local,481,2,no
80.97,4,local,631,11,no
29.37,1,local,367,4,no
59.56,8,local,688,5,no
266.25,7,local,740,5,no
13.3,10,local,48,4,no
35.52,10,local,192,4,no
360.47,1,local,717,1,no
112.04,2,local,109,8,no
112.37,20,local,612,7,no
19.82,9,local,299,1,no
11.55,4,local,318,2,no
159.33,10,local,495,6,no
7.09,20,local,605,8,no
170.88,4,local,577,1,no
14.03,5,local,280,10,no
5.69,1,local,353,1,no
62.08,6,local,684,11,no
21.23,7,foreign,717,8,no
150.39,4,local,863,7,no
28.85,21,foreign,302,6,no
25.05,19,foreign,710,11,no
27.93,20,local,758,7,no
141.91,14,local,747,8,no
15.41,18,local,382,12,no
63.86,9,local,766,2,no
27.89,8,local,383,11,no
15.92,21,local,413,5,no
79.95,7,local,872,2,no
72.94,19,local,187,5,no
43.08,18,local,348,9,no
187.26,7,local,384,1,no
40.78,12,local,606,1,no
155.93,17,local,614,4,no
79.98,7,foreign,211,5,no
30.9,9,foreign,265,4,no
143.68,22,local,649,10,no
20.36,20,local,753,8,no
11.19,10,local,873,12,no
131.8,23,foreign,181,1,no
35.33,3,foreign,131,10,yes
60.03,4,local,597,4,no
62.62,20,local,434,9,no
98.29,23,local,782,8,no
10.33,19,foreign,530,4,no
15.76,23,foreign,199,11,no
61.48,10,local,19,6,no
21.14,16,local,162,11,no
45.32,14,foreign,403,1,no
188.37,1,local,637,10,no
33.37,22,local,896,11,no
106.89,8,local,385,7,no
98.78,7,foreign,525,7,no
25.69,1,foreign,248,9,no
6.58,8,local,755,11,no
436.23,16,local,617,6,no
166.68,15,foreign,268,12,no
279.07,18,foreign,426,11,no
80.82,6,local,599,10,no
46.01,17,local,118,11,no
36.55,19,local,382,4,no
221.36,17,local,116,11,no
20.71,1,local,744,3,no
15.8,17,foreign,541,11,no
29.83,20,local,855,10,no
73.63,16,local,514,11,no
35.09,16,local,897,6,no
66.46,12,local,225,11,no
9.65,3,local,758,6,no
137.29,5,local,820,12,no
7.02,19,local,238,8,no
28.72,6,local,98,10,no
13.79,17,foreign,261,12,no
122.19,17,foreign,614,7,no
17.56,16,local,474,1,no
48.52,22,local,886,3,no
18.78,18,local,295,5,no
16.68,9,foreign,330,5,no
192.26,9,local,700,7,no
88.45,3,local,333,7,no
49.91,22,foreign,864,2,no
135.19,7,local,589,7,no
39.22,1,local,551,10,no
39.78,15,foreign,443,11,no
52.55,16,local,759,10,no
126.82,2,foreign,62,1,no
16.18,14,local,535,4,no
57.84,13,local,653,5,no
42.19,14,foreign,70,10,no
101.42,0,local,475,11,no
85.35,15,local,755,2,no
326.43,17,local,667,1,no
35.56,8,local,127,10,no
38.46,10,local,736,5,no
25.97,8,local,307,2,no
77.94,1,local,839,8,no
20.79,16,local,534,8,no
270.04,3,foreign,99,1,no
82.25,23,local,650,5,no
114.97,5,local,104,8,no
111.32,2,foreign,860,7,no
28.5,2,local,430,4,no
59.71,5,local,684,5,no
25.32,5,local,280,6,no
55.62,9,foreign,872,9,no
90.35,14,local,827,5,no
30.49,4,local,655,7,no
161.64,23,local,290,3,no
42.65,2,local,333,4,no
45.31,10,local,448,10,no
126.84,3,local,741,5,no
96.53,3,local,217,12,no
261.71,14,local,17,12,yes
71.18,9,local,773,1,no
9.64,17,local,635,5,no
21.34,3,local,754,6,no
96.22,2,foreign,778,12,no
217.55,6,foreign,711,5,no
135.16,13,foreign,184,10,no
58.62,3,local,427,12,no
87.09,4,local,103,11,no
31.47,10,local,850,11,no
148.49,11,local,894,5,no
109.31,14,local,75,3,no
236.49,8,local,522,2,no
214.21,13,local,626,10,no
67.73,14,local,105,3,no
46.43,3,local,77,1,no
59.92,6,local,888,5,no
139.87,15,foreign,297,1,no
76.73,3,foreign,627,5,no
10.07,19,local,537,12,no
25.94,16,local,352,10,no
34.96,18,local,841,7,no
66.38,1,local,899,11,no
51.92,7,foreign,187,7,no
210.01,16,local,376,9,no
29.13,5,local,234,4,no
183.26,0,local,27,1,no
149.6,17,local,311,12,no
199.14,21,foreign,665,1,no
35.58,16,local,277,1,no
66.1,20,foreign,36,10,no
109.85,12,local,639,6,no
59.81,20,foreign,517,5,no
70.71,1,foreign,888,2,no
102.34,20,local,856,9,no
201.09,4,local,234,7,no
55.71,12,local,638,10,no
79.91,10,local,152,9,no
80.78,20,local,524,11,no
18.8,10,local,430,2,no
15.67,5,local,472,3,no
70.48,0,foreign,614,7,no
52.45,0,local,588,3,no
41.72,14,local,882,6,no
42.49,4,local,564,1,no
30.85,7,local,461,6,no
36.87,8,local,450,8,no
61.05,7,foreign,442,9,no
37.52,23,local,110,12,no
178.2,6,local,877,3,no
6.5,6,local,797,9,no
5.11,18,local,589,9,no
14.64,17,local,102,1,no
37.54,11,local,377,2,no
43.23,21,local,279,10,no
17.09,12,local,360,9,no
74.16,5,local,372,8,no
240.29,7,foreign,305,5,no
6.03,5,local,353,12,no
19.75,19,foreign,417,11,no
80.5,11,local,24,2,no
99.57,22,local,571,3,no
154.54,14,local,181,11,no
38.31,11,foreign,698,10,no
149.66,15,local,591,11,no
184.74,23,local,209,4,no
31.01,19,local,653,8,no
68.04,19,local,369,11,no
43.81,8,local,814,4,no
18.82,3,local,489,4,no
95.47,8,local,689,3,no
209.05,13,foreign,676,9,no
26.56,1,foreign,2,7,yes
72.59,7,local,706,10,no
101.83,9,local,663,10,no
91.48,4,local,453,3,no
73.65,1,foreign,580,2,no
83.19,3,local,764,1,no
82.1,14,foreign,380,11,no
11.67,8,local,416,12,no
99.91,18,local,706,8,no
101.88,2,local,411,11,no
78.98,9,local,135,5,no
13.48,14,local,128,6,no
5.11,7,foreign,58,6,no
13.31,8,local,746,8,no
5.05,11,local,321,11,no
124.68,4,local,170,11,no
115.39,6,local,657,12,no
13.94,2,local,841,9,no
68.97,10,local,682,8,no
89.4,17,local,445,10,no
222.67,16,local,311,3,no
44.45,20,foreign,706,5,no
109.46,0,local,30,1,no
92.78,7,local,754,3,no
30.88,22,local,449,12,no
97.72,20,foreign,142,4,no
62.03,19,local,123,7,no
762.83,20,local,256,2,no
136.5,2,local,848,8,no
52.73,5,local,473,10,no
227.23,7,foreign,734,3,no
53.9,12,local,505,9,no
203.34,15,foreign,78,1,no
172.09,2,foreign,426,4,no
74.65,22,local,888,8,no
8.74,16,local,288,2,no
93.59,15,local,67,6,no
13.05,21,local,881,2,no
42.64,16,local,589,12,no
108.43,8,foreign,467,1,no
39.78,19,local,801,2,no
46.18,1,local,596,3,no
152.44,14,foreign,550,3,no
48.04,14,local,92,8,no
122.04,3,local,839,3,no
25.87,0,local,108,11,no
15.55,7,local,716,4,no
37.14,3,local,214,2,no
16.21,2,foreign,381,6,no
35.93,23,local,739,3,no
36.89,7,local,41,7,no
190.18,11,local,347,3,no
112.81,11,local,832,10,no
66.7,13,local,492,9,no
81.25,15,foreign,541,4,no
23.85,22,local,668,3,no
91.8,0,local,805,11,no
27.87,16,local,785,1,no
54.99,13,local,899,3,no
246.99,6,local,813,6,no
58.58,20,local,124,5,no
319.7,22,local,284,2,no
52.84,12,local,877,9,no
24.6,15,foreign,759,11,no
32.65,17,local,166,7,no
51.38,5,local,459,10,no
71.5,20,foreign,777,8,no
132.47,5,local,10,1,no
61.18,7,foreign,187,9,no
15.6,13,local,212,7,no
47.11,1,local,537,3,no
48.08,5,local,670,5,no
267.72,3,foreign,357,9,yes
8.79,5,foreign,889,2,no
79.21,19,foreign,754,1,no
58.77,21,local,658,10,no
41.68,6,local,306,2,no
56.84,8,foreign,169,5,no
23.07,9,local,530,9,no
164.95,20,local,689,4,no
20.34,2,local,5,2,no
58.68,5,local,118,5,no
27.4,5,local,671,3,no
82.45,4,local,20,10,no
12.9,20,local,198,10,no
155.3,17,foreign,900,2,no
86.46,19,local,672,9,no
8.93,14,foreign,178,11,no
129.15,6,foreign,364,5,no
149.7,0,local,552,6,no
86.56,15,local,125,1,no
11.68,12,local,622,3,no
23.61,12,foreign,544,10,no
53.9,6,local,168,6,no
111.81,16,local,90,10,no
11.47,0,foreign,543,6,no
152.91,11,local,291,10,no
43.79,14,local,454,2,no
124.46,14,local,737,10,no
75.61,13,foreign,556,4,no
69.87,19,local,124,6,no
188.03,1,local,678,8,no
84.52,23,local,441,12,no
207.97,8,foreign,728,1,no
38.1,3,foreign,143,12,no
97.26,21,foreign,221,5,no
40.79,19,local,611,7,no
125.83,0,foreign,284,11,yes
86.39,5,local,350,5,no
11.67,6,local,790,2,no
29.83,22,local,604,4,no
49.76,11,local,646,4,no
216.1,6,foreign,468,3,no
45.07,21,local,179,12,no
5.75,11,foreign,527,12,no
34.15,5,local,280,12,no
354.87,19,foreign,839,10,no
72.76,11,local,835,6,no
218.57,21,local,265,8,no
59.25,16,local,560,8,no
42.06,3,local,839,1,no
86.2,12,local,582,7,no
34.82,16,foreign,844,4,no
12.56,19,foreign,213,5,no
66.03,11,local,467,2,no
29.04,2,local,34,7,no
35.37,14,local,212,4,no
179.47,1,foreign,598,6,no
94.38,1,foreign,18,7,no
99.66,5,foreign,483,5,no
39.62,23,local,503,5,no
219.36,7,foreign,465,10,no
20.25,22,foreign,254,1,no
316.07,13,local,723,10,no
8.3,3,local,98,6,no
18.68,4,foreign,313,9,no
7.1,10,local,763,12,no
274.79,3,local,57,8,yes
5.26,10,local,685,11,no
143.18,20,foreign,49,6,no
47.14,1,local,16,4,no
247.27,7,local,432,2,no
67.14,22,local,583,4,no
48.08,3,local,409,1,no
99.95,13,foreign,563,12,no
102.06,7,foreign,189,9,no
144.52,6,local,242,8,no
175.82,1,local,686,3,no
22.52,5,foreign,551,7,no
73.05,6,foreign,436,9,no
195.76,22,local,701,11,no
82.39,17,local,548,3,no
102.63,6,local,498,7,no
91.3,23,local,889,2,no
16.29,5,local,771,12,no
12.07,3,local,505,9,no
20.01,9,foreign,875,5,no
79.82,16,local,278,2,no
31.33,14,local,668,8,no
64.74,8,local,870,9,no
98.71,9,local,624,11,no
259.29,1,local,345,9,no
84.01,10,local,517,12,no
126.06,7,local,635,6,no
65.05,9,local,470,1,no
118.34,4,local,271,4,no
12.59,17,local,603,8,no
113.62,23,local,430,11,no
24.86,10,foreign,819,2,no
18.37,17,foreign,896,7,no
125.53,3,local,873,9,no
31.96,8,local,599,12,no
33.24,3,local,24,6,no
83.44,7,local,605,7,no
123.71,10,local,722,2,no
6.71,6,local,841,9,no
303.07,20,foreign,343,12,no
92.22,12,local,795,3,no
20.23,11,local,405,10,no
9.96,16,local,843,8,no
10.92,0,local,395,10,no
244.36,18,foreign,609,3,no
124.09,2,local,811,2,no
107.62,11,local,784,8,no
40.69,5,local,485,5,no
214.37,0,foreign,380,1,no
8.28,1,foreign,518,7,no
123.24,5,local,10,10,no
10.05,20,foreign,450,10,no
32.15,17,local,878,9,no
38.9,7,local,735,7,no
64.77,20,foreign,255,12,no
91.9,1,local,661,7,no
51.36,10,local,136,3,no
23.63,10,local,353,5,no
11.12,7,foreign,481,4,no
50.41,9,foreign,835,1,no
312.17,16,local,629,10,no
18.56,23,local,309,10,no
40.23,6,local,642,10,no
153.44,20,local,233,5,no
82.81,4,local,415,2,no
31.52,10,local,456,7,no
5.47,2,local,701,2,no
6.82,16,local,560,9,no
11.0,18,foreign,56,1,no
87.2,15,local,378,9,no
157.84,0,foreign,619,1,no
64.72,21,local,457,2,no
102.47,8,local,311,3,no
91.19,7,local,521,4,no
142.92,10,local,807,7,no
96.71,13,local,631,10,no
220.08,3,local,24,9,no
172.51,3,local,325,5,no
9.12,12,local,453,11,no
7.48,6,foreign,128,4,no
37.41,1,foreign,638,5,no
115.92,10,local,414,10,no
13.14,6,local,687,12,no
26.1,0,local,159,11,no
237.78,0,local,397,3,no
230.08,6,foreign,819,8,no
188.21,5,local,822,11,no
145.16,23,local,456,6,no
17.74,5,foreign,893,11,no
105.96,10,foreign,825,10,no
60.77,9,local,616,2,no
96.39,16,local,459,1,no
26.44,10,local,833,8,no
37.51,4,local,284,9,no
9.0,0,local,147,4,no
11.17,6,foreign,895,1,no
31.94,7,local,559,9,no
13.18,11,foreign,658,4,no
120.47,3,foreign,762,1,no
121.03,15,local,729,3,no
362.34,2,local,420,6,no
139.01,23,local,37,8,no
106.76,21,local,24,5,no
42.32,19,local,236,10,no
5.14,10,local,886,11,no
20.39,14,local,56,6,no
33.04,20,foreign,189,9,no
58.25,7,foreign,807,5,no
184.48,22,local,227,5,no
132.56,3,local,118,1,no
104.23,19,local,179,7,no
200.9,10,local,530,8,no
54.95,0,foreign,236,9,yes
6.32,22,foreign,764,6,no
14.15,17,local,887,1,no
87.29,5,local,716,6,no
112.0,23,local,35,12,no
19.86,6,foreign,255,4,no
8.33,0,foreign,426,11,yes
11.63,20,foreign,270,4,no
19.08,17,local,528,2,no
115.11,2,local,362,2,no
126.01,0,local,528,3,no
5.87,20,local,423,2,no
31.46,20,local,383,11,no
146.15,23,local,150,1,no
282.98,20,local,509,2,no
41.8,3,local,796,5,no
80.04,0,foreign,677,9,no
304.7,0,local,3,5,no
15.84,11,foreign,70,3,no
83.14,9,local,90,3,no
96.04,1,local,458,5,no
112.91,20,local,749,12,no
65.74,5,foreign,200,7,no
25.52,19,foreign,831,11,no
47.48,19,local,525,9,no
13.24,1,local,624,7,no
87.71,9,local,729,4,no
127.78,9,local,223,4,no
139.13,21,local,55,9,no
37.87,21,foreign,255,8,no
106.09,6,local,153,9,no
41.66,9,local,253,1,no
212.78,12,local,56,3,no
99.39,14,local,899,2,no
57.53,3,local,603,9,no
195.16,12,local,679,1,no
74.15,11,foreign,249,4,no
51.44,19,local,375,11,no
99.8,23,local,819,10,no
104.58,20,foreign,353,8,no
109.28,8,foreign,410,2,no
140.6,7,local,811,11,no
296.12,21,local,834,1,no
101.54,12,local,549,9,no
13.95,3,foreign,536,8,no
129.26,0,local,375,4,no
317.08,22,local,708,4,no
344.9,7,foreign,764,6,no
234.57,8,local,510,8,no
135.25,0,local,150,7,no
36.22,17,local,272,4,no
66.89,1,local,759,6,no
174.02,11,local,727,7,no
43.14,16,foreign,427,2,no
30.63,0,foreign,402,12,no
54.65,18,local,113,1,no
8.06,4,local,240,4,no
304.02,16,local,135,11,no
31.5,16,local,487,2,no
106.13,1,foreign,456,7,no
112.59,9,local,379,4,no
37.0,11,local,24,2,no
10.78,3,local,112,10,no
16.99,14,local,342,8,no
109.88,2,local,353,6,no
5.25,0,local,553,1,no
50.48,2,local,856,10,no
123.15,21,local,372,8,no
154.26,17,local,253,9,no
55.87,21,local,539,2,no
19.25,13,local,754,11,no
69.3,4,foreign,35,12,no
13.58,22,local,900,11,no
16.1,21,local,679,9,no
126.6,17,foreign,219,8,no
6.42,17,local,358,3,no
7.21,11,foreign,633,9,no
122.43,21,local,329,7,no
65.3,11,local,95,3,no
79.14,16,local,760,6,no
315.74,20,local,285,4,no
42.8,22,local,756,6,no
67.28,4,local,847,12,no
133.78,21,local,93,1,no
8.67,12,local,372,4,no
17.89,10,foreign,864,11,no
247.34,10,local,337,2,no
73.24,5,foreign,714,8,no
36.83,2,local,638,8,no
91.18,5,local,34,10,no
58.81,8,local,130,4,no
50.56,7,local,757,7,no
173.08,0,foreign,851,11,no
39.5,23,local,442,8,no
43.69,3,local,178,11,no
118.89,3,local,879,5,no
20.72,0,local,431,2,no
77.86,6,local,524,1,no
27.42,7,local,596,7,no
98.92,19,local,277,4,no
18.67,14,local,28,9,no
152.86,10,local,132,9,no
65.81,20,local,722,7,no
76.37,20,local,708,3,no
49.85,9,local,862,1,no
103.33,6,local,531,5,no
70.12,22,local,119,12,no
8.84,19,local,435,5,no
18.14,14,local,428,10,no
63.44,11,local,502,7,no
74.05,4,local,110,8,no
90.8,20,local,228,1,no
20.19,11,foreign,742,11,no
33.28,20,foreign,739,4,no
67.68,11,local,258,7,no
117.4,6,foreign,385,2,no
52.22,8,local,708,6,no
65.17,20,local,216,9,no
58.18,6,local,657,12,no
115.72,22,local,733,5,no
133.04,0,local,279,3,no
71.0,16,local,111,9,no
17.9,12,foreign,623,6,no
158.45,13,local,858,11,no
19.61,20,local,591,11,no
84.33,21,local,703,9,no
109.28,17,local,606,12,no
44.72,7,local,132,11,no
58.83,14,foreign,115,11,no
108.79,8,local,277,4,no
269.0,16,local,808,6,no
90.13,17,local,258,9,no
66.74,23,local,852,6,no
131.64,6,local,670,10,no
91.15,19,local,436,4,no
58.83,4,local,64,10,no
68.12,21,local,66,6,no
100.87,7,local,610,4,no
33.95,20,foreign,140,9,no
345.18,18,foreign,574,5,no
78.7,17,foreign,580,10,no
41.01,21,local,408,9,no
128.67,18,foreign,510,12,no
42.29,6,local,221,5,no
32.72,4,local,599,8,no
36.23,16,foreign,701,4,no
50.53,1,local,197,6,no
99.17,13,local,601,5,no
32.5,18,foreign,697,4,no
193.06,0,local,276,10,no
118.78,23,local,377,5,no
36.55,2,local,512,12,no
38.23,12,local,725,4,no
97.61,4,local,59,1,no
138.14,10,foreign,599,8,no
76.15,15,foreign,862,10,no
6.55,0,local,467,9,no
51.69,4,foreign,240,1,no
174.46,23,local,331,1,no
65.3,11,local,605,2,no
80.53,10,local,714,7,no
18.65,8,local,220,2,no
75.57,16,local,666,8,no
51.88,7,local,191,6,no
86.57,0,local,195,4,no
95.93,1,local,714,2,no
96.2,7,foreign,763,1,no
18.66,18,local,171,1,no
158.71,11,local,485,10,no
39.93,15,local,511,10,no
97.03,22,local,761,1,no
145.22,11,local,398,4,no
39.58,22,local,519,12,no
81.97,10,foreign,87,1,no
170.05,12,local,107,3,no
64.74,7,foreign,530,2,no
178.15,19,local,683,7,no
9.74,12,local,384,2,no
51.14,19,foreign,68,8,no
233.06,1,local,224,2,no
133.69,14,foreign,548,3,no
149.97,5,local,656,10,no
46.32,22,foreign,893,7,no
28.62,19,foreign,119,3,no
148.1,17,foreign,81,7,no
70.96,23,local,274,10,no
89.97,3,local,446,8,no
94.3,9,local,826,3,no
71.59,22,foreign,878,1,no
26.72,13,local,639,1,no
43.32,15,foreign,602,3,no
36.64,20,local,288,4,no
91.09,13,local,514,2,no
12.89,4,local,682,4,no
204.08,8,local,715,9,no
28.27,10,foreign,760,4,no
70.42,16,local,529,10,no
54.02,17,foreign,649,12,no
75.1,23,local,820,7,no
113.86,14,local,660,5,no
131.24,16,local,31,1,no
241.87,1,local,754,7,no
46.54,22,local,262,12,no
63.45,7,local,550,4,no
46.9,8,local,689,12,no
17.32,16,local,784,7,no
22.35,12,local,283,11,no
8.5,0,local,704,4,no
77.83,13,foreign,427,8,no
54.52,12,local,813,10,no
47.15,4,local,693,12,no
200.07,3,foreign,655,8,no
138.31,22,local,381,12,no
45.58,16,local,353,12,no
40.84,3,local,360,8,no
16.46,20,local,693,10,no
70.25,5,local,324,12,no
153.5,2,local,56,5,no
16.33,13,local,236,2,no
440.32,17,local,702,10,no
182.34,21,local,900,1,no
92.98,0,local,281,11,no
68.68,15,foreign,826,12,no
17.57,2,local,5,7,no
8.48,0,local,726,7,no
13.53,9,local,136,6,no
30.14,13,foreign,38,3,no
31.53,5,foreign,55,8,no
104.14,7,local,649,9,no
116.77,12,foreign,307,11,no
5.24,23,local,647,10,no
17.9,3,foreign,348,2,no
182.52,22,local,706,2,no
43.14,15,local,315,8,no
398.56,4,local,682,7,no
20.66,6,local,743,6,no
140.92,19,foreign,96,1,no
79.95,13,local,238,10,no
84.94,1,local,656,10,no
139.03,10,local,406,4,no
13.02,3,local,430,4,no
83.01,21,local,885,12,no
58.78,7,local,12,11,no
8.43,19,local,221,2,no
42.94,22,foreign,388,11,no
7.03,15,local,592,5,no
55.52,5,local,111,7,no
95.63,18,local,642,7,no
65.06,19,local,683,11,no
76.54,1,foreign,676,7,no
37.98,14,foreign,166,6,no
35.66,2,foreign,27,9,yes
228.02,13,local,72,7,no
48.43,4,local,546,6,no
84.47,21,local,49,4,no
145.66,5,local,852,12,no
30.35,0,local,673,1,no
88.92,2,foreign,529,8,no
51.36,15,foreign,540,7,no
23.46,23,local,754,12,no
50.44,17,foreign,360,11,no
40.3,5,local,723,7,no
14.74,3,local,445,4,no
36.16,5,local,795,7,no
166.98,18,local,102,12,no
60.61,7,local,725,8,no
100.62,3,local,560,6,no
105.23,23,local,711,9,no
167.4,19,foreign,5,5,no
100.26,15,local,485,1,no
193.34,0,foreign,605,6,no
311.18,14,local,794,2,no
92.84,8,foreign,95,4,no
224.23,15,local,423,1,no
20.89,5,local,564,6,no
139.76,18,local,439,2,no
25.59,13,foreign,716,11,no
146.67,13,local,148,1,no
54.83,12,local,513,3,no
49.43,6,foreign,666,7,no
6.27,13,local,85,5,no
45.64,20,local,717,11,no
223.26,1,local,585,8,no
115.62,3,local,783,5,no
18.09,5,local,45,2,no
21.2,10,local,415,6,no
105.19,1,local,105,9,no
90.22,22,local,876,2,no
155.08,18,foreign,294,10,no
147.66,23,foreign,57,7,no
310.06,23,local,874,10,no
28.26,19,local,111,3,no
87.3,9,local,120,6,no
43.86,21,local,421,1,no
86.48,19,local,626,3,no
103.96,17,local,649,6,no
33.3,13,foreign,663,9,no
92.63,19,foreign,645,2,no
115.06,15,local,131,10,no
195.49,22,foreign,707,9,no
74.76,4,local,792,5,no
129.79,0,foreign,427,12,no
47.41,1,local,388,2,no
44.32,23,local,58,8,no
89.0,2,local,315,7,no
22.98,3,foreign,651,6,no
102.82,2,local,718,5,no
57.8,19,local,61,8,no
156.29,9,local,465,4,no
157.12,1,local,494,2,no
68.17,1,local,341,12,no
50.68,2,foreign,194,1,no
48.78,10,local,20,10,no
35.01,8,local,52,5,no
32.92,22,local,560,11,no
11.2,12,local,472,2,no
98.76,11,local,744,9,no
41.32,18,foreign,552,12,no
68.2,13,local,210,5,no
19.99,10,local,114,12,no
51.23,19,local,226,9,no
256.7,2,local,772,4,no
192.94,16,foreign,13,12,no
152.51,4,local,177,3,no
78.2,10,foreign,780,2,no
10.02,19,foreign,335,7,no
25.85,18,local,605,1,no
61.52,23,foreign,586,12,no
84.78,4,local,77,7,no
72.71,23,local,843,8,no
11.07,22,local,116,9,no
161.46,5,local,569,12,no
49.45,20,foreign,345,1,no
29.64,17,local,686,12,no
102.77,20,local,642,11,no
50.04,10,local,394,3,no
108.79,18,local,365,11,no
44.72,15,local,413,10,no
29.94,2,local,779,4,no
20.58,9,foreign,100,5,no
36.74,7,local,222,12,no
103.03,2,local,126,9,no
140.07,23,local,890,1,no
84.8,2,local,534,4,no
6.18,2,foreign,739,7,no
61.45,21,local,89,9,no
75.36,5,foreign,742,5,no
63.97,16,local,452,5,no
53.93,14,local,377,7,no
99.16,19,local,731,8,no
57.12,13,local,167,4,no
53.16,14,local,217,5,no
13.43,10,local,695,5,no
29.7,17,local,267,3,no
277.84,6,foreign,512,12,yes
75.6,7,local,161,5,no
58.95,17,local,485,10,no
57.29,12,foreign,423,2,no
13.88,7,local,420,12,no
154.23,8,local,279,4,no
407.08,12,foreign,590,12,yes
278.4,9,local,807,11,no
35.81,1,local,516,4,no
322.27,12,local,378,2,no
127.18,13,local,193,1,no
215.53,3,local,291,1,no
11.38,23,local,861,10,no
24.96,16,foreign,337,8,no
55.89,2,local,62,11,no
105.11,1,local,661,1,no
154.08,2,local,374,9,no
273.46,19,local,51,10,no
113.94,16,local,337,6,no
57.12,8,foreign,567,4,no
49.73,6,local,94,12,no
121.08,6,local,343,10,no
230.85,14,local,361,1,no
18.83,18,local,649,7,no
91.23,19,foreign,884,11,no
66.33,22,local,161,11,no
39.49,4,local,719,5,no
79.18,18,local,675,2,no
107.13,21,local,224,5,no
12.88,2,foreign,50,10,no
67.17,2,local,91,12,no
39.82,7,local,515,6,no
210.57,15,foreign,836,8,no
89.82,2,local,646,2,no
115.48,6,local,245,8,no
6.13,21,local,667,1,no
50.82,20,local,401,6,no
8.46,6,local,600,8,no
47.12,10,foreign,39,9,no
55.58,16,local,798,1,no
8.49,17,local,372,4,no
69.25,22,local,398,5,no
133.99,20,foreign,105,3,no
14.78,20,local,348,2,no
21.98,22,local,667,12,no
98.93,22,local,482,12,no
176.71,11,foreign,737,9,no
95.95,16,local,52,4,no
95.15,3,local,620,3,no
53.47,11,foreign,770,7,no
44.21,21,local,836,3,no
175.31,17,local,5,5,no
74.75,13,local,207,1,no
143.53,5,local,457,5,no
92.5,4,local,451,9,no
11.06,23,local,77,9,no
237.92,15,local,124,9,no
5.9,4,local,799,2,no
133.28,19,local,124,4,no
333.68,20,local,609,7,no
14.11,7,foreign,306,3,no
139.52,13,local,376,12,no
67.91,9,local,148,1,no
74.7,9,local,321,1,no
58.57,15,local,416,11,no
18.04,9,foreign,230,1,no
136.84,11,foreign,765,10,no
336.53,4,local,501,9,yes
9.39,19,foreign,784,2,no
47.54,7,local,711,2,no
289.87,23,local,384,8,no
102.64,8,local,463,8,no
11.62,6,foreign,111,8,no
27.0,20,foreign,182,4,no
186.54,0,local,26,12,no
18.83,20,local,756,1,no
25.61,15,local,346,10,no
170.6,9,local,582,1,no
330.65,15,foreign,321,8,yes
95.66,1,local,159,12,no
122.72,15,local,560,8,no
49.76,18,local,54,9,no
133.09,22,local,418,4,no
65.88,19,foreign,666,3,no
184.73,17,local,628,4,no
62.55,16,local,803,5,no
87.26,16,local,23,1,no
86.48,15,local,543,8,no
68.2,17,local,855,7,no
92.83,6,local,588,5,no
370.14,6,foreign,838,3,no
54.43,10,local,368,6,no
55.43,13,local,572,4,no
116.93,0,local,281,1,no
85.13,2,local,79,4,no
35.07,7,local,407,8,no
21.03,2,local,387,5,no
5.63,13,foreign,316,5,no
41.47,11,local,765,11,no
95.13,5,local,889,1,no
10.77,20,local,810,6,no
38.81,12,local,315,6,no
9.64,10,foreign,420,12,no
186.63,16,local,368,7,no
85.78,16,local,311,2,no
82.51,5,foreign,194,6,no
9.02,23,local,563,9,no
16.58,22,foreign,817,7,no
91.6,20,foreign,302,8,no
170.65,1,local,541,10,no
65.88,9,local,395,1,no
51.75,7,foreign,584,12,no
88.99,7,local,469,11,no
6.81,16,local,468,8,no
150.06,12,local,29,12,no
21.52,14,local,577,5,no
7.72,3,local,163,10,no
22.14,20,local,549,5,no
38.68,7,local,282,5,no
143.32,7,foreign,326,12,no
102.55,1,local,429,3,no
27.59,13,local,376,8,no
12.15,3,local,658,2,no
36.32,15,local,83,10,no
147.17,21,foreign,320,9,no
28.92,18,local,542,1,no
16.92,18,local,86,11,no
205.06,13,foreign,259,8,no
197.09,2,local,495,9,no
167.88,13,local,732,6,no
105.69,22,foreign,445,3,no
31.11,21,local,246,9,no
44.39,18,local,174,4,no
215.53,22,local,742,7,no
150.14,10,local,730,2,no
85.35,16,local,702,9,no
39.1,22,foreign,189,7,no
119.29,10,local,670,9,no
261.18,1,foreign,592,6,yes
131.59,3,local,556,12,no
17.98,8,local,300,12,no
73.23,13,local,773,3,no
187.7,11,local,644,3,no
30.18,5,local,158,1,no
150.49,14,local,154,6,no
14.43,23,local,508,9,no
53.47,15,local,525,10,no
209.56,4,local,816,2,no
38.55,18,foreign,529,10,no
175.96,20,local,193,9,no
47.08,4,local,810,9,no
195.48,13,foreign,102,4,no
64.0,8,local,430,2,no
166.49,11,local,267,3,no
99.39,19,local,816,11,no
66.78,16,foreign,97,3,no
129.76,19,foreign,896,9,no
47.72,20,local,532,1,no
33.6,15,local,809,9,no
20.4,12,foreign,229,8,no
58.96,10,local,191,1,no
148.71,10,local,807,10,no
77.59,1,local,584,7,no
37.58,15,local,851,9,no
54.55,22,local,47,5,no
145.41,22,foreign,211,12,no
14.19,15,local,398,11,no
16.48,11,foreign,478,2,no
46.83,14,local,203,3,no
76.07,14,foreign,263,2,no
6.49,14,local,430,1,no
68.31,0,local,41,12,no
29.32,21,local,185,8,no
5.9,2,local,537,1,no
34.43,18,foreign,50,7,no
17.13,15,local,766,6,no
46.47,22,local,516,8,no
31.25,9,local,864,5,no
92.77,7,local,752,8,no
21.4,19,local,364,2,no
103.16,21,local,238,5,no
38.07,3,local,481,2,no
57.65,20,local,736,3,no
32.76,11,local,675,6,no
70.16,0,foreign,308,9,no
7.08,8,local,589,10,no
5.07,6,foreign,827,11,no
18.44,20,local,817,3,no
160.37,7,local,281,1,no
30.52,1,foreign,157,12,no
480.3,11,local,461,7,no
14.39,22,local,49,11,no
6.86,15,local,391,3,no
7.43,19,local,304,11,no
20.5,3,local,66,1,no
104.37,10,local,338,7,no
7.55,9,local,405,3,no
8.95,7,local,357,10,no
61.62,0,local,270,8,no
52.23,11,foreign,688,6,no
33.1,12,local,445,9,no
27.1,18,local,179,8,no
172.06,10,foreign,64,4,no
34.87,3,foreign,114,2,no
170.73,21,local,390,11,no
160.36,21,local,358,5,no
78.66,5,local,307,9,no
103.37,7,local,246,10,no
100.53,10,local,894,12,no
79.24,21,foreign,252,3,no
238.47,13,local,203,2,no
64.42,3,local,713,4,no
138.2,21,local,851,3,no
32.1,16,local,446,6,no
19.25,0,local,72,2,no
174.22,9,foreign,339,9,no
52.93,7,local,703,1,no
59.5,11,foreign,267,7,no
91.55,10,local,179,2,no
59.09,4,local,674,1,no
149.39,0,foreign,730,5,no
34.54,9,local,225,5,no
431.27,22,local,196,8,no
93.21,8,local,557,7,no
64.74,10,local,188,12,no
165.94,13,local,296,11,no
120.38,20,local,704,1,no
78.05,5,local,553,12,no
8.44,8,foreign,719,7,no
21.99,12,local,5,2,no
21.56,19,foreign,245,6,no
209.68,21,local,825,10,no
85.67,19,local,872,1,no
29.66,16,local,200,5,no
114.7,12,foreign,144,7,no
72.49,18,local,612,5,no
7.13,16,local,400,3,no
18.54,16,local,897,5,no
9.09,8,foreign,744,4,no
113.78,5,local,790,1,no
48.09,12,local,848,5,no
58.19,19,foreign,128,8,no
107.76,15,local,401,4,no
53.71,17,local,19,1,no
34.19,13,local,781,3,no
70.24,8,local,469,6,no
35.96,18,local,726,1,no
23.68,1,local,885,11,no
19.3,2,local,283,2,no
160.58,14,local,853,12,no
84.19,7,local,554,10,no
57.72,6,foreign,882,1,no
126.2,10,local,807,10,no
42.93,9,local,154,3,no
17.26,2,local,53,9,no
31.76,0,local,475,1,no
34.97,21,local,333,4,no
29.06,8,foreign,303,7,no
203.83,12,local,73,4,no
21.64,16,foreign,15,8,no
76.67,1,local,392,5,no
82.51,19,foreign,299,6,no
116.02,8,local,608,12,no
89.71,9,local,100,1,no
49.48,10,local,665,1,no
72.86,7,local,18,12,no
16.65,20,local,418,10,no
100.1,15,local,863,12,no
19.2,8,foreign,390,7,no
26.74,12,local,161,6,no
29.97,3,local,316,1,no
176.5,12,foreign,129,4,no
94.75,2,local,480,9,no
43.54,11,local,409,9,no
142.25,20,foreign,54,3,no
5.74,21,local,673,5,no
34.94,20,local,814,4,no
331.75,12,local,760,9,no
23.63,19,local,776,1,no
54.59,17,foreign,555,2,no
93.04,6,local,293,2,no
151.22,2,foreign,128,1,no
97.87,8,local,23,12,no
95.98,4,local,549,11,no
55.4,9,local,639,8,no
114.18,12,foreign,469,2,no
44.09,8,local,60,11,no
21.16,15,foreign,364,11,no
56.01,11,local,297,5,no
17.54,14,foreign,74,4,no
125.14,10,local,559,4,no
6.0,12,local,135,4,no
102.82,9,local,237,2,no
333.02,5,local,28,9,no
71.26,13,local,123,10,no
10.06,12,local,135,2,no
207.22,11,local,696,10,no
26.17,9,local,779,6,no
192.33,7,foreign,480,10,no
9.12,12,local,530,1,no
76.29,10,foreign,769,2,no
57.19,11,local,469,8,no
416.47,10,foreign,632,6,no
32.3,19,local,835,7,no
9.0,21,foreign,626,6,no
26.56,23,local,890,8,no
495.96,12,local,792,4,no
165.78,11,foreign,864,11,no
57.03,15,local,469,9,no
176.04,19,local,254,7,no
74.92,9,foreign,164,1,no
25.49,21,local,541,1,no
110.27,7,foreign,183,8,no
54.51,15,local,764,3,no
212.42,23,foreign,470,8,no
74.93,18,local,209,11,no
217.76,2,local,480,10,no
90.28,21,local,661,2,no
5.3,10,local,601,7,no
47.79,17,local,750,12,no
95.47,21,foreign,775,9,no
33.17,19,local,580,9,no
177.8,9,local,847,12,no
192.05,17,local,737,9,no
74.62,22,foreign,890,8,no
52.46,3,foreign,737,12,no
26.01,8,local,557,11,no
207.36,20,local,448,9,no
287.28,10,local,219,7,no
35.64,22,foreign,116,6,no
41.96,12,local,312,12,no
181.46,10,foreign,8,6,no
71.5,11,local,57,4,no
114.16,1,local,517,9,no
5.99,21,local,126,11,no
73.89,13,local,376,11,no
197.21,23,local,196,1,no
177.31,7,local,589,10,no
10.95,10,local,795,7,no
37.57,15,local,276,5,no
86.59,23,local,180,2,no
237.36,17,foreign,505,3,no
107.32,7,local,518,7,no
85.62,18,local,332,8,no
50.81,19,local,132,3,no
85.34,3,local,273,1,no
10.62,10,local,67,4,no
29.73,9,local,171,7,no
25.71,7,local,224,10,no
26.95,5,local,238,4,no
126.37,3,local,840,3,no
77.95,9,local,766,3,no
177.79,21,local,510,7,no
22.33,4,local,723,3,no
20.41,5,foreign,362,6,no
181.82,23,local,787,1,no
15.07,20,local,655,4,no
24.33,6,local,69,8,no
54.25,12,local,194,10,no
37.97,9,local,215,6,no
43.33,22,local,91,8,no
120.27,0,foreign,74,7,no
69.0,21,foreign,603,12,no
73.41,14,local,61,8,no
41.76,9,foreign,167,7,no
14.51,3,foreign,689,6,no
47.38,2,foreign,143,3,no
13.81,3,foreign,71,9,no
64.4,5,local,547,3,no
27.51,10,foreign,569,11,no
108.32,23,local,808,8,no
39.54,18,local,849,12,no
269.89,21,local,175,2,no
91.9,21,local,671,11,no
60.15,10,local,538,11,no
42.52,1,foreign,420,8,no
97.34,11,local,83,3,no
106.34,9,local,534,10,no
74.48,16,foreign,13,2,no
25.79,4,foreign,243,9,yes
41.94,18,local,269,4,no
137.97,10,local,376,4,no
12.85,9,local,36,1,no
13.7,21,local,821,12,no
75.18,11,local,695,6,no
166.66,19,local,180,10,no
53.14,2,local,407,8,no
107.85,0,foreign,791,1,no
52.95,0,local,833,5,no
7.13,19,foreign,707,12,no
12.76,14,foreign,756,5,no
36.91,11,local,190,8,no
66.46,3,local,849,4,no
19.18,4,foreign,128,12,yes
130.42,16,foreign,27,7,no
9.85,0,local,590,4,no
102.51,21,local,337,9,no
74.86,14,local,653,5,no
352.85,6,foreign,738,3,no
6.44,9,foreign,330,6,no
45.1,2,local,122,7,no
64.1,3,foreign,829,12,no
36.64,9,local,398,6,no
29.23,12,local,666,2,no
144.48,11,local,655,7,no
150.1,17,foreign,846,6,no
17.33,4,local,115,3,no
70.07,4,local,142,2,no
252.87,4,local,268,2,no
236.85,20,local,421,3,no
174.95,21,local,630,9,no
110.54,12,local,861,10,no
10.55,11,local,361,1,no
50.61,20,foreign,726,5,no
37.53,0,local,507,2,no
24.91,11,local,559,6,no
126.14,18,local,594,6,no
86.79,0,local,308,1,no
35.73,13,foreign,877,2,no
19.99,3,foreign,761,7,no
97.13,13,local,225,3,no
5.72,15,local,120,6,no
91.39,10,foreign,70,1,no
235.92,2,local,218,10,no
395.51,9,foreign,114,10,yes
14.27,12,foreign,712,9,no
49.68,8,foreign,29,6,no
275.08,5,local,757,4,no
7.53,23,foreign,419,3,no
83.2,4,foreign,644,9,no
87.05,14,local,135,11,no
55.36,21,foreign,863,6,no
39.36,13,local,817,4,no
191.29,23,foreign,123,3,no
20.84,6,local,147,10,no
54.98,9,local,308,6,no
84.65,16,foreign,683,2,no
384.25,4,local,722,10,yes
9.7,13,local,754,8,no
100.87,23,local,165,11,no
20.98,20,local,810,6,no
43.64,19,foreign,827,12,no
105.42,3,local,110,3,no
89.9,22,local,525,10,no
184.86,16,local,685,8,no
15.03,22,local,602,9,no
79.36,9,local,747,11,no
24.57,4,local,262,4,no
119.28,5,local,495,2,no
65.46,4,local,753,6,no
80.94,9,local,164,10,no
29.98,4,local,297,4,no
134.66,10,local,91,6,no
36.22,16,foreign,878,11,no
133.36,16,local,193,5,no
86.82,10,foreign,182,6,no
11.68,20,local,744,6,no
81.07,0,foreign,489,4,no
19.58,14,local,1,7,no
21.72,15,local,662,1,no
68.62,9,local,809,8,no
38.22,2,local,575,12,no
93.96,12,foreign,507,2,no
18.38,16,local,664,11,no
66.45,1,local,568,4,no
48.24,17,local,120,1,no
36.65,15,local,704,9,no
20.84,3,foreign,540,7,no
239.34,10,foreign,855,12,no
145.13,17,local,586,12,no
33.96,8,foreign,107,5,no
78.49,4,local,275,11,no
285.26,7,foreign,314,4,no
23.86,0,local,350,2,no
193.83,16,local,204,10,no
87.54,20,local,727,4,no
123.14,22,local,365,2,no
162.31,16,local,383,1,no
141.7,9,local,22,7,no
51.01,23,local,849,4,no
72.15,21,local,482,12,no
156.33,8,local,181,2,no
239.15,5,local,630,3,no
16.99,0,local,372,12,no
5.93,19,local,490,6,no
43.5,18,local,15,6,no
59.21,2,local,848,1,no
7.45,20,local,760,9,no
25.62,3,local,23,1,no
149.49,3,local,165,6,no
10.58,5,local,136,7,no
18.26,21,local,791,8,no
61.21,11,local,769,7,no
135.24,19,foreign,734,9,no
152.01,4,local,325,4,no
172.81,16,local,200,2,no
125.11,22,foreign,686,2,no
75.43,7,foreign,464,8,no
104.48,15,local,161,3,no
31.55,8,foreign,741,4,no
5.88,20,local,362,3,no
54.55,23,foreign,305,5,no
21.93,15,foreign,104,5,no
53.23,19,local,513,1,no
372.97,18,local,137,1,no
183.72,5,local,148,6,no
44.65,3,local,519,5,no
33.34,8,local,365,1,no
32.73,10,local,899,4,no
141.7,14,foreign,679,3,no
157.4,2,local,329,1,no
176.69,19,local,846,9,no
76.14,10,local,426,6,no
75.36,11,local,201,11,no
190.51,7,foreign,848,1,no
133.72,6,foreign,500,9,no
279.88,20,local,662,1,no
61.71,18,foreign,435,10,no
60.3,23,foreign,827,5,no
22.02,12,local,711,12,no
133.86,3,local,189,1,no
14.93,23,local,60,4,no
37.05,18,local,725,1,no
7.73,14,local,14,9,no
14.23,22,local,719,7,no
15.73,23,local,670,12,no
70.28,13,local,371,2,no
13.89,11,local,13,5,no
18.1,8,local,641,2,no
93.43,15,foreign,121,12,no
41.35,13,local,754,5,no
47.22,3,foreign,163,1,no
30.55,5,local,700,8,no
51.76,13,local,589,3,no
36.23,13,local,44,7,no
33.15,10,foreign,664,6,no
78.16,20,local,531,9,no
80.69,17,foreign,320,9,no
82.25,2,foreign,850,9,no
217.45,1,local,794,10,no
41.87,6,local,41,10,no
35.73,9,local,161,10,no
29.09,14,foreign,185,5,no
18.17,0,local,350,1,no
122.31,19,local,507,8,no
22.35,0,local,2,10,yes
178.99,22,foreign,300,1,no
113.85,13,local,585,9,no
14.04,5,local,68,6,no
245.52,12,local,753,2,no
11.14,22,local,1,10,no
112.23,1,foreign,716,10,no
189.07,21,foreign,151,4,no
38.12,20,local,496,9,no
41.61,10,foreign,321,7,no
11.35,7,local,449,1,no
12.72,6,local,790,7,no
74.96,5,foreign,71,6,no
207.44,22,local,729,7,no
120.0,6,local,231,10,no
40.79,9,local,29,2,no
5.14,3,local,55,5,no
61.14,2,local,413,9,no
12.21,20,foreign,835,6,no
30.02,9,local,703,3,no
71.93,9,local,591,11,no
100.1,14,local,134,2,no
67.35,19,local,204,5,no
81.44,14,foreign,92,3,no
34.54,3,foreign,724,1,no
17.09,17,local,343,2,no
22.46,19,local,166,12,no
36.61,11,foreign,150,6,no
236.36,23,local,725,8,no
16.53,1,local,26,10,no
7.19,21,local,640,1,no
50.29,4,foreign,437,4,no
8.37,22,local,29,6,no
113.54,2,local,326,5,no
88.01,17,local,138,5,no
66.28,8,local,801,3,no
41.6,12,local,246,4,no
25.99,20,foreign,522,10,no
222.35,10,local,201,2,no
374.33,18,foreign,31,11,yes
24.55,19,local,468,1,no
84.75,6,local,814,3,no
249.91,11,local,22,12,no
288.63,12,local,880,7,no
79.97,14,local,849,8,no
139.67,1,local,479,2,no
136.76,4,foreign,450,3,no
81.87,17,local,577,7,no
226.1,3,local,86,10,no
63.4,1,foreign,390,2,no
48.23,12,local,192,7,no
47.58,22,local,340,9,no
134.67,17,local,804,9,no
192.03,15,local,223,3,no
26.8,5,local,266,10,no
81.12,2,local,548,10,no
36.37,15,foreign,422,5,no
126.65,21,local,555,12,no
202.86,15,local,800,10,no
48.14,4,local,297,3,no
36.56,18,local,585,5,no
12.45,5,local,268,8,no
18.58,13,local,537,7,no
32.84,6,local,401,1,no
144.94,9,local,422,7,no
78.11,2,local,191,1,no
12.87,3,local,48,3,no
39.02,16,local,246,12,no
8.89,3,foreign,13,1,no
205.18,8,local,789,9,no
97.33,2,local,890,7,no
75.59,22,foreign,298,5,no
73.51,0,local,841,11,no
159.35,2,local,140,6,no
32.26,15,foreign,178,2,no
140.59,3,local,175,8,no
62.19,8,local,490,9,no
102.45,11,foreign,724,2,no
193.97,18,local,309,9,no
44.29,13,local,217,10,no
8.61,22,foreign,587,5,no
23.38,20,local,187,5,no
9.74,6,local,474,3,no
244.54,7,local,527,5,no
445.7,0,local,354,7,no
9.92,21,local,140,2,no
28.42,20,local,638,12,no
83.98,9,local,815,8,no
169.42,21,local,618,5,no
20.78,12,local,143,5,no
14.28,13,local,155,12,no
99.52,17,local,206,5,no
8.54,17,foreign,321,6,no
38.38,9,local,392,2,no
36.98,23,local,836,4,no
10.3,15,local,592,10,no
77.5,7,local,493,4,no
169.48,3,local,428,6,no
135.96,5,local,329,8,no
42.23,21,foreign,628,2,no
21.9,14,local,761,3,no
59.35,19,local,332,6,no
41.95,12,local,278,5,no
89.41,20,local,601,12,no
12.09,9,foreign,412,12,no
303.19,21,local,254,8,no
163.13,9,local,540,5,no
108.65,14,local,118,6,no
87.54,19,local,116,1,no
39.9,12,local,537,2,no
16.32,4,local,444,2,no
329.51,15,local,164,8,no
81.29,22,local,150,1,no
99.23,17,local,491,10,no
35.87,15,local,567,1,no
90.37,20,local,840,7,no
192.15,15,local,358,1,no
127.0,7,foreign,413,1,no
217.62,15,local,789,11,no
78.31,16,foreign,571,3,no
183.02,8,local,518,12,no
33.6,15,local,747,11,no
64.28,20,foreign,233,12,no
209.09,11,local,545,2,no
99.45,2,local,386,3,no
87.88,19,local,528,2,no
45.07,2,foreign,510,1,no
122.08,20,foreign,310,6,no
7.16,2,local,516,4,no
6.96,10,local,875,1,no
150.6,0,foreign,578,5,no
11.53,21,local,358,5,no
13.61,21,local,285,8,no
95.22,0,local,373,9,no
585.98,15,local,844,10,no
147.85,22,local,500,4,no
7.31,15,foreign,451,12,no
134.59,19,foreign,362,9,no
12.72,16,local,765,5,no
46.63,8,local,86,5,no
8.49,0,local,876,10,no
204.34,8,local,233,5,no
178.21,14,foreign,225,7,no
142.88,19,foreign,263,7,no
38.71,9,local,837,1,no
116.1,16,local,223,5,no
22.24,20,foreign,80,6,no
72.49,22,foreign,576,3,no
5.6,0,local,415,5,no
88.18,5,local,281,8,no
9.26,20,local,660,5,no
158.32,11,local,631,8,no
57.66,21,foreign,81,10,no
71.68,9,local,331,12,no
39.42,18,local,523,9,no
31.58,6,local,506,12,no
18.3,12,local,46,1,no
71.82,16,foreign,481,9,no
22.52,5,foreign,5,3,no
160.83,1,local,193,12,no
165.09,5,local,506,8,no
126.92,7,local,281,4,no
13.28,14,local,208,5,no
12.01,21,foreign,407,7,no
14.0,12,local,276,1,no
106.49,2,local,358,9,no
94.03,13,local,671,2,no
140.0,0,local,374,9,no
22.31,13,local,370,8,no
70.84,3,local,91,5,no
188.67,4,local,895,1,no
149.38,22,local,416,7,no
406.37,7,local,57,4,no
104.28,4,local,329,8,no
97.44,7,local,32,11,no
161.73,5,local,217,1,no
31.8,10,local,389,7,no
45.58,22,local,534,12,no
163.82,2,foreign,748,9,no
50.38,6,local,319,2,no
49.91,19,foreign,57,7,no
57.59,9,local,423,1,no
34.0,22,foreign,896,6,no
324.09,17,local,747,10,no
47.89,13,local,334,5,no
12.3,5,local,481,9,no
7.41,11,local,286,1,no
220.21,8,foreign,164,7,no
49.7,12,local,833,9,no
27.77,8,local,529,1,no
105.01,21,local,117,1,no
134.37,23,local,542,11,no
33.55,22,local,107,10,no
117.31,19,local,654,1,no
103.44,13,foreign,345,2,no
68.81,2,local,747,8,no
119.75,10,local,862,11,no
54.76,1,local,304,7,no
73.65,0,foreign,779,1,no
125.64,5,local,5,11,no
51.9,14,local,646,7,no
17.2,3,local,26,5,no
71.96,6,local,517,6,no
12.88,13,foreign,808,3,no
75.37,18,local,278,3,no
51.94,23,local,536,1,no
175.77,6,local,855,7,no
210.23,2,local,103,1,no
52.2,19,local,378,6,no
64.19,4,foreign,718,2,no
54.56,17,local,191,9,no
54.05,23,local,367,9,no
517.69,8,foreign,728,5,no
247.55,18,local,571,5,no
128.86,10,foreign,602,4,no
184.77,23,local,336,4,no
145.53,23,local,747,11,no
116.02,11,local,250,7,no
29.01,13,local,736,11,no
60.0,6,local,212,1,no
145.72,3,local,478,3,no
208.39,19,local,607,12,no
161.17,1,foreign,798,10,no
76.63,8,local,563,5,no
7.5,14,local,201,3,no
204.04,20,local,331,2,no
120.05,22,local,226,11,no
260.45,5,local,132,6,no
52.23,0,foreign,11,12,no
351.11,5,local,154,1,no
225.15,13,local,136,8,no
143.82,6,foreign,84,7,no
37.75,19,local,559,1,no
143.29,8,foreign,754,8,no
81.82,23,local,726,1,no
15.71,19,foreign,616,2,no
180.13,5,foreign,756,5,no
37.11,13,local,716,12,no
81.96,9,foreign,888,12,no
73.29,0,local,484,10,no
20.81,22,foreign,43,5,no
45.31,22,local,330,3,no
104.42,13,local,538,10,no
228.94,5,local,697,9,no
163.18,9,local,138,6,no
129.4,18,foreign,420,5,no
168.32,17,foreign,365,1,no
127.09,21,local,281,3,no
48.36,18,local,139,8,no
113.61,7,local,593,1,no
63.46,16,local,569,12,no
83.45,22,local,708,3,no
56.49,18,foreign,302,2,no
68.86,3,foreign,672,3,no
65.39,7,local,173,1,no
54.03,2,foreign,18,11,yes
167.4,23,foreign,698,8,no
19.56,23,local,883,6,no
21.21,0,foreign,841,9,no
21.84,19,local,280,3,no
77.51,23,local,122,8,no
58.13,2,local,467,10,no
21.25,12,local,605,6,no
191.07,12,local,151,1,no
43.79,11,local,728,3,no
115.89,4,local,204,11,no
71.91,0,foreign,220,8,yes
205.68,21,local,624,11,no
24.53,1,local,608,2,no
81.6,1,local,558,3,no
32.04,13,foreign,225,11,no
99.76,20,foreign,867,2,no
44.96,15,local,497,2,no
314.63,16,local,624,8,no
201.46,22,local,692,2,no
77.51,7,local,297,2,no
6.77,19,local,357,7,no
78.62,4,foreign,657,8,no
108.88,4,foreign,72,1,no
22.2,21,local,100,5,no
45.62,12,foreign,234,2,no
147.16,2,local,648,9,no
144.05,6,local,788,8,no
52.71,16,local,40,2,no
109.06,15,local,40,9,no
108.87,0,local,576,7,no
79.07,2,local,250,11,no
32.52,13,foreign,366,2,no
69.52,22,foreign,282,1,no
108.35,8,foreign,723,10,no
106.55,14,foreign,413,1,no
31.04,9,local,367,12,no
72.27,9,foreign,765,11,no
251.26,20,local,147,12,no
28.18,14,local,289,7,no
157.51,1,local,121,10,no
63.62,17,local,455,4,no
23.62,18,local,521,5,no
126.57,19,local,231,8,no
93.05,11,local,173,6,no
33.58,13,local,209,5,no
73.01,21,local,329,12,no
75.84,3,local,712,5,no
32.95,15,local,83,2,no
11.78,15,local,875,6,no
19.89,4,local,883,11,no
7.48,11,local,507,3,no
80.83,10,foreign,3,12,yes
293.58,18,foreign,297,5,no
17.78,12,local,386,8,no
86.28,14,local,328,11,no
157.96,14,local,395,7,no
32.54,1,local,160,1,no
50.76,23,local,781,6,no
244.53,15,foreign,720,4,no
24.78,16,foreign,354,8,no
33.62,7,local,42,9,no
10.39,17,local,539,7,no
146.18,9,local,772,12,no
143.56,19,local,320,10,no
36.55,13,local,287,4,no
52.82,16,local,629,10,no
68.92,9,local,808,6,no
63.65,11,local,99,4,no
161.12,18,local,849,2,no
109.75,5,local,549,2,no
12.47,7,local,499,10,no
48.81,6,foreign,289,1,no
29.92,4,local,618,2,no
137.4,5,local,295,8,no
62.95,15,foreign,775,10,no
95.92,11,foreign,0,9,yes
117.6,5,local,551,8,no
98.29,3,local,68,1,no
37.98,17,foreign,334,9,no
74.89,4,local,747,7,no
134.15,16,local,188,3,no
77.57,4,foreign,667,1,no
7.99,2,local,639,4,no
173.37,23,local,265,10,no
92.02,12,foreign,107,6,no
56.04,5,foreign,708,3,no
313.54,5,local,563,1,no
10.84,2,local,519,8,no
111.91,11,local,869,9,no
48.34,12,local,667,3,no
53.32,17,local,562,4,no
153.53,5,local,847,6,no
32.36,21,foreign,92,9,no
22.66,22,foreign,572,1,no
14.49,16,local,654,9,no
74.81,16,local,556,1,no
51.85,14,foreign,726,10,no
213.23,18,local,158,4,no
22.96,1,local,384,9,no
115.49,22,local,101,5,no
56.22,4,foreign,826,11,yes
5.19,17,local,769,7,no
30.42,23,local,175,4,no
51.44,7,local,705,8,no
21.52,2,local,886,10,no
17.36,12,local,48,9,no
25.97,0,local,109,10,no
35.91,12,foreign,794,2,no
49.81,8,local,184,10,no
164.07,6,local,305,6,no
49.11,12,foreign,454,2,no
41.44,23,local,118,12,no
79.54,14,local,434,6,no
183.55,18,local,799,9,no
116.4,21,local,436,4,no
44.33,3,local,541,8,no
83.91,22,local,252,11,no
142.26,6,local,565,12,no
51.17,9,foreign,886,12,no
125.67,19,foreign,375,7,no
9.99,10,local,279,10,no
35.52,0,foreign,868,5,no
245.34,23,local,120,12,no
33.36,0,local,287,9,no
41.16,5,foreign,281,6,no
13.31,7,local,299,7,no
28.54,3,local,152,7,no
293.43,19,foreign,770,5,no
442.1,23,foreign,873,12,yes
14.69,5,local,370,3,no
21.71,10,local,555,11,no
32.61,15,local,572,6,no
31.2,6,foreign,876,1,no
16.16,4,local,566,2,no
179.35,6,local,186,8,no
153.21,12,local,284,8,no
59.28,1,local,723,5,no
25.13,18,local,610,3,no
92.18,15,local,417,9,no
44.86,19,local,151,12,no
18.19,0,foreign,825,11,no
44.08,11,foreign,441,10,no
96.25,12,local,316,2,no
324.62,8,local,634,11,no
5.02,13,foreign,382,3,no
98.27,1,local,116,11,no
126.17,7,foreign,208,9,no
27.48,21,local,514,6,no
29.03,12,local,80,1,no
19.4,13,foreign,212,5,no
162.57,5,foreign,192,6,no
29.58,11,local,132,8,no
61.47,11,local,103,10,no
18.4,6,local,271,9,no
112.44,10,local,820,10,no
34.72,15,local,398,7,no
29.21,14,local,308,4,no
244.54,16,foreign,379,8,no
25.85,20,foreign,374,9,no
12.74,15,local,96,2,no
130.43,9,local,616,11,no
12.39,23,local,354,2,no
27.88,20,local,887,7,no
121.74,15,foreign,817,2,no
17.84,22,local,279,7,no
19.13,18,local,398,8,no
130.47,15,local,113,12,no
10.5,18,local,279,12,no
80.25,21,foreign,386,8,no
11.2,22,local,69,1,no
180.21,18,local,411,7,no
5.38,2,foreign,483,6,no
166.86,17,local,690,3,no
20.17,12,foreign,204,4,no
85.57,9,local,430,11,no
12.33,13,foreign,185,5,no
33.47,2,local,489,4,no
16.61,22,local,406,8,no
111.13,11,foreign,123,1,no
181.68,5,local,838,11,no
13.24,11,foreign,359,10,no
13.35,0,local,416,7,no
6.54,9,local,620,5,no
37.9,23,local,86,8,no
67.94,0,local,287,7,no
71.8,14,local,869,5,no
44.84,6,local,839,4,no
43.1,13,local,347,2,no
22.03,12,local,223,5,no
128.29,6,local,733,6,no
129.1,20,foreign,771,2,no
92.21,14,foreign,544,10,no
149.55,16,local,249,12,no
42.6,19,local,441,5,no
169.1,15,local,129,1,no
85.16,7,foreign,844,9,no
52.21,6,local,594,12,no
40.94,15,local,726,10,no
28.05,22,local,673,1,no
54.6,1,foreign,156,4,no
67.1,15,foreign,582,8,no
108.36,10,local,114,1,no
34.25,20,local,228,9,no
33.35,18,local,77,4,no
65.04,10,local,511,12,no
17.7,8,local,526,11,no
218.35,21,foreign,309,1,no
88.16,17,local,330,5,no
39.88,21,local,635,11,no
43.65,8,local,93,3,no
31.35,2,foreign,807,2,no
219.96,16,foreign,195,10,no
58.79,11,local,658,8,no
138.64,18,local,808,6,no
31.72,6,local,453,10,no
30.58,21,local,433,5,no
228.6,21,local,784,4,no
73.37,19,local,837,8,no
29.85,3,foreign,540,6,no
9.59,6,local,600,9,no
42.47,17,foreign,68,12,no
91.92,13,local,806,10,no
123.6,9,local,143,11,no
21.77,20,local,669,12,no
11.71,18,local,0,10,no
86.22,14,foreign,847,8,no
19.68,20,local,110,8,no
150.26,9,local,546,1,no
99.89,21,local,697,12,no
49.99,19,local,125,5,no
91.8,23,local,171,6,no
76.54,17,local,84,8,no
25.0,11,local,408,4,no
154.64,10,local,580,10,no
168.68,17,local,698,1,no
48.71,1,foreign,793,1,no
165.08,21,local,657,3,no
30.42,16,foreign,150,11,no
155.55,18,foreign,652,5,no
123.5,21,foreign,116,6,no
52.07,0,local,491,10,no
12.17,9,local,140,4,no
11.81,18,local,22,5,no
22.26,12,foreign,23,4,no
68.02,1,local,337,1,no
31.09,17,local,256,2,no
227.73,5,foreign,503,5,no
17.99,22,foreign,823,8,no
151.35,4,local,617,9,no
71.44,4,local,756,6,no
40.7,8,local,166,10,no
121.13,2,local,159,8,no
182.14,20,local,778,11,no
59.14,2,foreign,710,10,no
53.37,13,foreign,224,3,no
137.29,15,foreign,705,11,no
219.41,21,foreign,899,10,no
54.45,8,foreign,396,12,no
28.35,11,local,622,11,no
152.59,7,local,208,9,no
83.0,10,foreign,456,10,no
192.47,21,foreign,280,5,no
45.05,13,local,658,5,no
56.99,19,local,638,12,no
113.12,19,foreign,669,6,no
117.86,2,foreign,256,12,no
78.1,5,local,534,8,no
9.49,15,local,285,4,no
169.76,2,foreign,420,12,no
135.2,4,local,410,7,no
22.74,4,local,841,3,no
56.39,16,local,454,5,no
104.85,13,local,875,11,no
454.28,3,local,448,12,yes
5.01,4,local,246,2,no
48.19,20,local,22,5,no
5.13,20,local,761,10,no
5.64,18,local,807,2,no
86.87,0,local,349,4,no
17.39,19,local,708,12,no
43.54,3,local,854,9,no
61.03,3,local,222,8,no
63.24,22,local,331,3,no
58.33,17,local,571,4,no
77.11,11,local,697,8,no
120.3,0,local,388,7,no
34.97,23,local,267,1,no
121.66,18,local,830,2,no
116.02,6,foreign,304,10,no
237.61,21,local,322,4,no
257.11,5,foreign,261,4,no
44.17,18,local,38,8,no
17.05,12,foreign,546,9,no
124.61,14,local,758,11,no
50.16,17,local,600,8,no
110.67,14,local,704,4,no
60.22,3,local,422,9,no
12.56,18,local,331,10,no
19.57,22,local,559,10,no
19.9,19,local,190,11,no
74.86,12,local,207,5,no
54.23,4,local,406,11,no
70.57,15,local,613,7,no
58.2,20,foreign,862,1,no
35.38,1,local,0,5,no
50.4,14,local,465,12,no
24.79,0,local,833,10,no
56.12,1,local,299,5,no
118.06,23,local,798,2,no
40.0,22,local,129,4,no
32.21,9,local,138,1,no
38.24,21,local,748,11,no
7.68,3,local,243,7,no
181.24,19,local,333,12,no
104.63,1,foreign,508,10,no
179.54,18,local,747,2,no
94.07,2,local,301,10,no
184.45,4,local,814,9,no
20.64,5,local,676,10,no
24.41,21,foreign,410,12,no
122.88,22,local,420,7,no
39.18,14,local,762,5,no
123.51,10,local,144,2,no
41.3,18,foreign,69,8,no
64.15,15,foreign,339,2,no
99.13,5,local,413,5,no
16.32,20,foreign,720,2,no
37.54,15,local,771,5,no
204.65,22,foreign,620,10,no
288.84,18,foreign,298,8,yes
22.48,8,foreign,593,3,no
80.36,12,foreign,406,5,no
26.73,11,local,95,5,no
52.46,0,local,836,2,no
14.56,5,foreign,661,3,no
105.75,12,local,409,6,no
166.51,12,local,654,6,no
106.54,17,local,437,10,no
23.44,0,foreign,512,1,no
91.81,17,foreign,804,2,no
155.78,5,local,416,11,no
59.66,8,local,524,1,no
75.48,19,local,294,3,no
59.07,14,local,327,5,no
32.44,11,local,116,8,no
125.88,21,foreign,382,2,no
7.8,0,foreign,137,8,no
48.31,12,local,714,7,no
8.58,2,local,559,8,no
72.9,0,local,149,7,no
209.87,5,local,213,10,no
84.07,15,local,223,8,no
15.21,9,local,877,5,no
25.85,10,local,55,1,no
265.1,11,local,36,10,no
181.27,12,foreign,635,11,no
290.09,12,local,181,12,no
39.5,7,local,57,4,no
133.45,17,local,53,7,no
195.27,7,local,144,12,no
298.65,5,local,773,11,no
9.4,15,local,430,12,no
91.06,19,local,240,1,no
6.16,3,foreign,35,12,no
80.8,20,local,94,5,no
16.87,12,local,596,6,no
26.76,13,foreign,846,6,no
16.73,13,local,580,8,no
23.73,10,local,460,2,no
21.38,18,local,706,3,no
9.02,11,local,506,11,no
221.16,6,foreign,828,1,no
86.99,22,local,47,1,no
143.89,0,foreign,234,6,no
191.11,16,local,156,11,no
120.5,3,local,777,12,no
62.06,19,foreign,739,8,no
23.31,10,local,267,1,no
44.9,13,local,413,11,no
12.77,21,foreign,548,1,no
61.87,5,local,720,6,no
141.61,20,foreign,242,4,no
19.41,6,local,400,9,no
34.76,0,local,556,7,no
47.3,4,local,607,5,no
144.51,22,local,273,5,no
28.22,0,local,774,8,no
23.75,1,local,550,6,no
59.64,7,local,862,11,no
34.61,15,foreign,664,4,no
30.58,3,foreign,888,10,no
190.83,10,local,689,4,no
91.01,12,local,147,3,no
39.94,16,foreign,68,11,no
248.99,1,local,537,12,no
31.03,13,local,389,8,no
112.46,16,local,821,6,no
122.95,5,local,34,5,no
105.94,18,local,550,6,no
161.55,2,foreign,125,1,no
244.71,23,local,154,3,no
21.17,1,local,764,7,no
7.27,3,local,309,10,no
30.31,9,foreign,713,1,no
54.33,15,local,366,7,no
185.82,6,foreign,189,8,no
68.06,2,local,543,7,no
15.9,19,local,441,8,no
6.14,16,local,814,7,no
71.3,0,local,435,4,no
119.25,4,local,720,11,no
25.44,4,local,247,11,no
104.97,20,local,405,3,no
17.19,19,foreign,611,5,no
19.62,15,local,839,8,no
204.92,8,local,290,10,no
90.38,7,local,246,7,no
44.65,10,local,487,8,no
19.62,2,local,560,4,no
116.82,14,local,118,5,no
81.36,7,local,78,11,no
14.02,19,local,16,11,no
124.83,14,local,351,4,no
51.44,3,local,629,3,no
25.38,18,local,178,3,no
62.69,7,foreign,519,5,no
5.11,4,local,436,2,no
50.52,1,local,398,9,no
217.49,12,local,605,2,no
128.73,23,local,280,8,no
129.26,18,foreign,488,9,no
111.03,1,local,34,7,no
32.44,19,local,536,11,no
61.56,20,local,18,5,no
73.27,11,local,658,8,no
76.58,4,local,714,3,no
42.06,19,local,97,6,no
19.34,18,local,667,4,no
59.62,22,foreign,239,6,no
243.98,10,local,213,9,no
44.87,22,local,611,6,no
146.85,2,foreign,306,4,no
150.78,4,local,559,3,no
91.59,15,local,678,7,no
25.88,2,local,441,7,no
132.42,6,local,500,3,no
46.02,19,foreign,713,11,no
85.08,19,local,634,12,no
119.85,11,local,667,11,no
96.38,22,foreign,109,9,no
48.0,16,foreign,573,7,no
73.37,23,local,438,9,no
40.88,6,local,242,5,no
50.68,11,foreign,263,10,no
8.82,21,local,370,8,no
13.97,18,local,240,1,no
112.94,7,foreign,5,2,no
20.75,18,local,53,2,no
52.14,13,local,143,11,no
272.14,11,foreign,329,2,no
32.73,12,local,544,11,no
10.62,14,local,319,4,no
31.89,21,local,499,7,no
72.57,12,local,563,4,no
73.32,2,local,126,2,no
56.48,16,local,749,12,no
75.04,9,local,282,4,no
125.34,12,local,152,2,no
87.56,1,local,459,3,no
28.8,0,foreign,231,12,no
75.64,17,local,821,11,no
11.95,0,local,576,8,no
7.77,8,local,750,4,no
71.46,12,foreign,435,12,no
50.44,16,foreign,731,5,no
88.96,10,local,598,11,no
6.2,4,local,373,12,no
313.13,0,local,292,8,no
126.7,11,local,523,12,no
60.32,6,local,337,11,no
77.3,23,local,79,10,no
62.22,0,local,539,12,no
67.54,0,local,576,12,no
53.61,0,foreign,97,11,yes
27.06,14,foreign,736,4,no
5.22,18,local,295,3,no
5.12,14,local,472,5,no
8.08,6,foreign,367,11,no
75.31,1,local,277,8,no
91.94,1,local,304,9,no
28.51,6,local,406,4,no
9.95,7,local,517,7,no
41.33,3,foreign,707,12,no
172.38,1,local,406,11,no
77.3,11,local,393,11,no
47.56,0,local,742,6,no
149.31,6,local,737,1,no
26.99,8,foreign,7,9,no
134.01,16,local,256,7,no
47.23,6,local,330,12,no
176.51,13,foreign,706,1,no
20.18,3,local,90,4,no
186.02,16,local,212,9,no
41.07,15,foreign,534,10,no
117.36,3,local,810,5,no
266.95,1,local,32,7,no
82.57,18,local,695,6,no
20.33,2,local,232,1,no
248.66,21,local,321,10,no
117.79,9,local,37,11,no
131.37,20,local,139,11,no
130.57,22,local,124,8,no
48.38,23,local,568,4,no
170.04,18,foreign,277,6,no
59.38,2,local,269,11,no
209.08,17,local,231,12,no
12.77,22,local,182,7,no
37.37,7,local,793,5,no
164.9,5,local,502,10,no
164.33,23,local,570,2,no
287.84,10,local,42,12,no
260.95,10,foreign,782,6,no
11.21,4,local,723,2,no
164.31,15,foreign,271,12,no
145.76,14,local,398,1,no
168.38,9,local,692,4,no
42.32,22,local,41,10,no
23.0,23,local,408,11,no
14.44,7,local,549,11,no
19.0,7,foreign,576,2,no
77.06,16,foreign,811,5,no
71.15,7,local,803,1,no
8.83,9,local,577,9,no
36.61,22,local,236,12,no
52.02,11,local,306,3,no
84.9,6,local,686,2,no
22.57,9,local,660,4,no
46.15,17,local,752,11,no
53.9,20,local,508,3,no
254.59,11,foreign,630,6,no
163.06,10,local,658,9,no
193.81,19,foreign,231,2,no
127.4,3,local,793,9,no
79.08,6,local,498,5,no
27.74,8,local,822,7,no
34.61,0,foreign,561,2,no
76.32,7,local,316,7,no
22.64,7,local,848,6,no
34.83,8,foreign,284,12,no
58.9,22,local,867,10,no
63.26,0,local,861,4,no
31.09,2,local,630,2,no
127.3,8,local,505,8,no
80.47,19,foreign,838,5,no
23.31,4,local,622,4,no
89.34,6,foreign,29,8,no
78.47,22,foreign,282,5,no
134.85,14,local,875,6,no
55.06,9,local,878,12,no
82.76,11,local,565,7,no
6.89,20,foreign,496,2,no
72.82,13,foreign,411,12,no
13.92,20,local,550,7,no
112.75,5,local,874,5,no
6.51,15,local,192,8,no
39.99,4,foreign,174,3,no
5.25,12,local,132,4,no
191.16,12,local,213,5,no
232.43,13,local,716,1,no
160.38,20,local,504,2,no
12.55,20,local,548,2,no
29.25,23,local,510,6,no
85.1,16,local,887,12,no
22.24,7,local,734,1,no
186.51,7,local,854,11,no
45.68,20,local,588,1,no
76.42,5,foreign,568,9,no
201.86,7,local,47,8,no
213.47,6,local,434,4,no
42.5,19,local,169,12,no
8.67,7,local,755,8,no
37.21,14,foreign,305,5,no
37.22,16,local,480,1,no
26.69,8,local,537,1,no
26.03,6,local,380,5,no
21.25,0,foreign,7,7,no
108.43,0,local,516,4,no
127.58,22,local,614,5,no
14.57,18,local,1,4,no
394.78,19,local,163,8,yes
43.8,1,local,661,7,no
75.46,5,local,389,12,no
27.27,6,local,738,4,no
62.77,10,local,773,2,no
114.55,21,foreign,737,2,no
44.03,9,local,95,11,no
61.83,23,local,45,12,no
64.86,1,local,802,5,no
195.03,15,foreign,327,5,no
15.73,12,foreign,846,1,no
140.45,19,local,109,12,no
113.73,11,foreign,735,3,no
152.98,18,local,375,8,no
169.9,13,local,157,5,no
16.43,0,local,504,11,no
5.82,2,local,183,9,no
7.36,4,foreign,806,11,no
87.09,11,local,672,4,no
244.39,6,local,200,9,no
82.54,12,foreign,226,11,no
37.35,4,local,549,4,no
161.71,4,local,148,3,no
102.29,12,local,77,5,no
20.1,16,local,631,5,no
96.93,18,local,526,9,no
54.0,4,local,657,8,no
216.67,0,foreign,413,7,no
5.68,3,local,394,11,no
147.55,11,local,864,8,no
59.51,20,local,96,4,no
33.57,10,foreign,255,6,no
75.55,13,local,537,3,no
274.41,7,foreign,141,11,no
165.44,8,local,674,1,no
210.72,16,local,710,2,no
23.76,12,local,138,2,no
45.13,14,local,900,12,no
11.35,9,foreign,795,4,no
23.12,0,local,182,7,no
129.83,19,local,270,2,no
97.88,0,foreign,285,6,no
6.82,8,local,828,12,no
86.7,9,local,751,1,no
98.16,6,local,789,7,no
79.41,4,local,121,6,no
27.63,0,local,142,1,no
18.92,8,local,740,1,no
12.39,0,local,636,3,no
117.04,3,local,604,2,no
234.28,0,foreign,760,10,no
59.89,5,foreign,100,2,no
88.41,7,local,146,12,no
47.2,14,foreign,2,10,yes
315.27,23,local,526,10,no
17.8,23,local,118,1,no
109.48,1,local,435,8,no
103.3,20,local,473,7,no
5.24,23,local,555,9,no
55.38,14,local,236,2,no
41.45,1,local,470,10,no
28.28,12,local,198,8,no
399.33,14,local,447,3,no
10.84,4,foreign,706,7,no
163.77,14,local,491,9,no
112.55,16,local,336,6,no
31.41,13,local,882,5,no
144.15,11,local,827,3,no
31.05,3,foreign,805,12,yes
77.61,5,local,876,7,no
97.98,11,local,545,7,no
79.13,2,local,279,12,no
54.53,12,foreign,391,4,no
11.06,18,local,703,1,no
28.01,10,local,13,10,no
91.05,11,local,576,6,no
45.19,20,local,718,7,no
217.84,21,local,336,6,no
67.04,3,local,649,3,no
101.62,11,local,881,2,no
129.14,12,foreign,856,8,no
91.29,15,local,387,6,no
11.05,11,local,759,3,no
40.37,23,local,511,3,no
61.24,8,local,776,2,no
20.48,18,foreign,311,6,no
48.45,4,local,93,12,no
28.58,19,local,15,12,no
50.89,10,local,872,4,no
37.78,19,local,17,2,no
17.01,15,local,409,6,no
100.99,9,local,96,11,no
68.81,7,local,104,10,no
24.73,4,local,643,4,no
40.85,6,local,86,3,no
25.65,2,local,389,11,no
52.16,10,local,677,12,no
13.99,4,foreign,537,11,no
132.34,10,local,356,1,no
21.39,19,foreign,77,1,no
174.36,4,local,101,1,no
31.76,22,foreign,383,11,no
128.59,13,local,153,10,no
64.92,0,local,880,9,no
51.67,22,local,16,9,no
59.78,16,foreign,391,12,no
28.34,11,local,557,2,no
104.36,22,local,827,12,no
83.72,17,foreign,649,6,no
63.42,14,local,47,11,no
35.4,2,local,451,4,no
48.98,11,foreign,311,11,no
27.89,4,local,82,7,no
68.49,13,foreign,75,6,no
33.81,14,local,727,2,no
35.33,13,local,327,12,no
139.73,18,local,796,1,no
63.48,23,foreign,818,3,no
30.59,23,local,792,10,no
58.34,0,local,542,2,no
205.7,11,local,395,1,no
11.42,18,local,528,3,no
53.59,10,foreign,380,7,no
103.12,20,local,174,10,no
44.05,10,foreign,536,12,no
141.02,2,local,538,6,no
222.54,22,foreign,375,2,no
203.53,5,local,479,8,no
190.67,10,local,690,7,no
24.46,7,local,543,6,no
64.66,0,local,51,11,no
11.47,3,local,378,3,no
187.34,7,local,291,1,no
24.3,21,local,176,2,no
113.0,7,foreign,752,8,no
44.66,20,local,835,2,no
43.48,5,local,864,10,no
41.26,1,foreign,301,3,no
95.86,1,local,513,11,no
28.37,20,local,591,12,no
10.25,23,foreign,503,5,no
82.67,5,local,166,7,no
245.34,3,local,33,2,no
66.23,21,local,685,5,no
22.9,10,local,669,11,no
21.9,9,foreign,13,3,no
124.69,8,local,207,2,no
5.47,11,local,59,9,no
183.63,11,local,792,4,no
274.71,13,local,270,8,no
66.92,2,foreign,754,4,no
160.62,0,foreign,585,7,no
129.16,16,local,739,4,no
40.94,14,local,385,11,no
87.04,21,local,539,2,no
58.88,0,local,822,10,no
77.35,0,local,63,5,no
103.17,9,foreign,258,5,no
79.81,18,local,15,10,no
36.65,11,local,742,2,no
26.0,4,foreign,138,9,no
216.3,10,local,90,1,no
51.48,16,local,744,3,no
61.75,18,local,250,11,no
187.52,18,local,604,9,no
74.7,14,local,785,6,no
48.6,15,local,518,3,no
76.08,10,local,673,1,no
88.63,16,local,41,4,no
48.48,18,local,580,3,no
10.76,23,foreign,524,1,no
22.71,2,local,317,9,no
66.7,15,local,578,9,no
20.49,7,local,785,3,no
36.63,16,foreign,861,5,no
60.71,22,foreign,679,1,no
205.31,8,local,97,9,no
279.13,21,local,639,10,no
165.62,3,local,553,11,no
199.05,6,foreign,44,5,no
60.65,3,foreign,465,2,no
34.83,19,local,650,10,no
6.18,0,local,267,4,no
36.49,18,local,647,5,no
241.3,2,foreign,551,12,no
23.72,6,foreign,691,8,no
218.25,17,local,81,7,no
72.75,4,local,505,11,no
33.54,4,local,843,3,no
29.25,10,foreign,804,7,no
41.14,12,local,561,10,no
11.14,20,local,118,9,no
15.09,17,local,126,11,no
11.06,19,local,450,6,no
55.24,9,local,188,7,no
29.29,5,local,784,7,no
34.75,23,foreign,214,4,no
16.43,20,local,346,10,no
18.5,6,local,570,6,no
40.0,12,local,354,8,no
44.0,12,local,761,3,no
42.79,18,local,825,7,no
10.08,0,local,73,10,no
38.74,20,local,288,1,no
432.33,22,local,678,9,no
39.99,13,foreign,768,4,no
48.62,13,local,472,11,no
31.48,18,foreign,80,2,no
265.99,2,local,226,8,no
8.14,7,local,708,7,no
87.86,18,local,681,7,no
31.18,15,foreign,858,4,no
91.47,13,foreign,609,3,no
44.56,10,local,566,7,no
69.42,13,local,166,9,no
10.46,0,local,191,8,no
105.37,10,local,626,10,no
133.85,14,local,20,7,no
16.33,5,local,747,8,no
29.89,13,local,276,12,no
116.45,10,local,597,12,no
172.07,20,local,771,1,no
124.45,20,local,19,1,no
36.41,21,local,173,8,no
46.97,18,local,797,6,no
15.78,10,local,332,2,no
64.87,15,local,228,12,no
100.8,16,local,299,8,no
123.04,2,local,762,11,no
66.93,16,foreign,324,9,no
91.51,4,local,744,4,no
76.95,4,local,164,9,no
17.26,7,local,868,6,no
31.05,8,local,221,11,no
98.08,9,local,281,1,no
276.09,8,local,800,2,no
45.76,17,local,447,8,no
129.58,22,foreign,843,11,no
96.61,16,local,175,2,no
39.07,11,local,587,8,no
24.02,8,local,563,6,no
34.01,10,local,310,6,no
22.26,8,local,8,5,no
182.74,21,foreign,29,10,no
65.99,12,local,35,11,no
74.56,22,local,185,6,no
271.04,9,local,843,2,no
237.98,1,foreign,782,2,no
99.72,7,local,653,7,no
15.21,7,local,897,8,no
178.35,15,local,707,3,no
68.99,12,local,655,7,no
196.7,3,local,795,12,no
44.5,14,local,234,10,no
108.55,15,local,564,6,no
38.12,22,local,887,6,no
43.97,15,foreign,227,11,no
44.33,15,local,151,5,no
7.14,0,local,838,6,no
8.54,19,local,452,11,no
77.37,3,local,795,1,no
43.56,22,local,437,6,no
12.86,23,local,177,8,no
11.39,4,local,696,3,no
16.95,1,local,91,4,no
34.18,7,local,91,3,no
15.94,19,local,565,8,no
5.67,5,local,781,12,no
29.57,21,foreign,271,4,no
46.72,17,local,370,12,no
45.68,1,local,631,1,no
35.64,12,local,501,10,no
109.66,6,local,580,8,no
183.17,0,local,334,1,no
